County,State,Outbreak Date,Flock Type,Flock Size
Ottawa,Michigan,12/31/2024,Commercial Turkey Meat Bird,29400
Riverside,California,12/31/2024,Commercial Table Egg Layer,181300
Spartanburg,South Carolina,12/31/2024,Commercial Upland Gamebird Producer,920
Butte,California,12/31/2024,WOAH Non-Poultry,70
Miner,South Dakota,12/31/2024,WOAH Poultry,1500
Ottawa,Michigan,12/31/2024,Commercial Turkey Meat Bird,23400
Jackson,Michigan,12/31/2024,WOAH Non-Poultry,9
Clay,Arkansas,12/30/2024,Commercial Broiler Production,227500
Twin Falls,Idaho,12/30/2024,WOAH Non-Poultry,30
Copiah,Mississippi,12/30/2024,Commercial Broiler Production,210000
Tipton,Tennessee,12/30/2024,WOAH Non-Poultry,10
Johnson,Nebraska,12/30/2024,Commercial Broiler Production,209100
Edmunds,South Dakota,12/30/2023,Commercial Upland Gamebird Producer,1400
Snohomish,Washington,12/30/2022,WOAH Poultry,180
Sanilac,Michigan,12/30/2022,WOAH Non-Poultry,30
Carson,Texas,12/29/2023,WOAH Non-Poultry,30
Mcintosh,North Dakota,12/29/2023,WOAH Non-Poultry,110
Pierce,Washington,12/29/2022,WOAH Non-Poultry,40
Missoula,Montana,12/28/2023,WOAH Non-Poultry,6
Marin,California,12/28/2023,Commercial Table Egg Pullets,151000
Sonoma,California,12/28/2023,Commercial Table Egg Layer,37300
Sonoma,California,12/28/2023,Commercial Table Egg Layer,52400
Audrain,Missouri,12/28/2023,WOAH Poultry,330
Elk,Kansas,12/28/2022,WOAH Non-Poultry,30
Weakley,Tennessee,12/28/2022,Commercial Broiler Breeder,43600
Weakley,Tennessee,12/28/2022,Commercial Broiler Breeder,19000
Darke,Ohio,12/27/2024,Commercial Table Egg Layer,931300
Coffey,Kansas,12/27/2024,WOAH Non-Poultry,50
Cooper,Missouri,12/27/2024,Commercial Turkey Breeder Hens,14900
Stanislaus,California,12/27/2024,Commercial Broiler Production,101700
Anderson,Kansas,12/27/2024,WOAH Non-Poultry,40
Sheridan,Wyoming,12/27/2024,WOAH Non-Poultry,0
Burnett,Wisconsin,12/27/2024,Commercial Turkey Meat Bird,18600
Sacramento,California,12/27/2024,Commercial Broiler Production,153800
Ottawa,Michigan,12/27/2024,Commercial Turkey Meat Bird,113200
Pemiscot,Missouri,12/27/2024,WOAH Non-Poultry,70
Todd,Minnesota,12/27/2023,Commercial Turkey Meat Bird,78800
Muskegon,Michigan,12/27/2023,Commercial Turkey Meat Bird,31500
Garfield,Oklahoma,12/27/2023,WOAH Non-Poultry,30
Hardin,Ohio,12/27/2023,Commercial Table Egg Pullets,1363900
Northumberland,Pennsylvania,12/27/2023,Commercial Raised for Release Upland Game Bird,98300
Phillips,Kansas,12/26/2024,WOAH Non-Poultry,10
Merced,California,12/26/2023,Commercial Table Egg Layer,709000
Adair,Oklahoma,12/24/2024,Commercial Turkey Meat Bird,81400
Adair,Oklahoma,12/24/2024,Commercial Turkey Meat Bird,45000
Cass,Missouri,12/24/2024,WOAH Non-Poultry,60
San Joaquin,California,12/24/2024,Commercial Table Egg Layer,627800
Franklin,Vermont,12/24/2024,WOAH Non-Poultry,20
Dade,Missouri,12/24/2024,WOAH Non-Poultry,90
Riverside,California,12/24/2024,Commercial Table Egg Layer,1105500
Stanislaus,California,12/24/2024,Commercial Table Egg Layer,392100
Ottawa,Michigan,12/23/2024,Commercial Turkey Meat Bird,75500
El Dorado,California,12/23/2024,WOAH Non-Poultry,30
Lawrence,Illinois,12/23/2024,Commercial Turkey Meat Bird,40300
Glenn,California,12/22/2022,Commercial Upland Gamebird Producer,32000
Edmunds,South Dakota,12/21/2023,Commercial Upland Gamebird Producer,3800
Dodge,Nebraska,12/21/2023,WOAH Non-Poultry,40
Weakley,Tennessee,12/21/2022,WOAH Poultry,28800
St. Clair,Illinois,12/21/2022,WOAH Non-Poultry,60
Bates,Missouri,12/21/2022,WOAH Non-Poultry,30
Umatilla,Oregon,12/21/2022,WOAH Non-Poultry,10
Sedgwick,Kansas,12/20/2024,WOAH Non-Poultry,30
Houston,Minnesota,12/20/2024,WOAH Non-Poultry,60
Craighead,Arkansas,12/20/2024,WOAH Non-Poultry,50
Greene,Mississippi,12/20/2024,Commercial Broiler Breeder,26000
Cooper,Missouri,12/20/2024,Commercial Turkey Breeder Hens,13000
Chippewa,Minnesota,12/20/2024,Commercial Turkey Meat Bird,54800
Mahaska,Iowa,12/20/2023,WOAH Non-Poultry,30
Charles Mix,South Dakota,12/20/2023,Commercial Upland Gamebird Producer,50
Benton,Oregon,12/20/2023,WOAH Non-Poultry,50
Merced,California,12/20/2023,Commercial Table Egg Layer,243300
Merced,California,12/20/2023,Commercial Turkey Meat Bird,73700
Hanson,South Dakota,12/20/2022,Commercial Turkey Meat Bird,31800
Weld,Colorado,12/20/2022,Commercial Table Egg Layer,239700
Gem,Idaho,12/20/2022,WOAH Non-Poultry,80
Coos,Oregon,12/19/2024,WOAH Non-Poultry,40
Pickens,Alabama,12/19/2024,WOAH Non-Poultry,50
Deschutes,Oregon,12/19/2024,WOAH Non-Poultry,90
Greene,Ohio,12/19/2024,WOAH Poultry,110
Kenosha,Wisconsin,12/19/2024,WOAH Poultry,6
Stearns,Minnesota,12/19/2024,Commercial Turkey Meat Bird,12600
Cullman,Alabama,12/19/2024,Commercial Broiler Production,116000
Stanislaus,California,12/19/2024,Commercial Table Egg Layer,295800
Fillmore,Minnesota,12/19/2024,Commercial Turkey Meat Bird,28600
Jackson,Arkansas,12/19/2024,WOAH Non-Poultry,230
Barton,Kansas,12/19/2023,WOAH Non-Poultry,70
Sonoma,California,12/19/2023,Commercial Duck Meat Bird,3600
Mcpherson,Kansas,12/19/2023,WOAH Poultry,20000
Rice,Kansas,12/19/2023,Commercial Table Egg Layer,800000
King,Washington,12/19/2023,WOAH Poultry,90
Muskegon,Michigan,12/19/2023,Commercial Turkey Meat Bird,47900
Lassen,California,12/19/2023,WOAH Non-Poultry,90
Mendocino,California,12/19/2022,WOAH Non-Poultry,20
Howard,Missouri,12/18/2024,WOAH Non-Poultry,60
Jefferson Davis,Louisiana,12/18/2024,WOAH Non-Poultry,30
Doniphan,Kansas,12/18/2024,Commercial Raised for Release Upland Game Bird,5700
Nelson,North Dakota,12/18/2024,WOAH Non-Poultry,60
Rooks,Kansas,12/18/2024,Commercial Raised for Release Upland Game Bird,5300
Edmunds,South Dakota,12/18/2023,Commercial Upland Gamebird Producer,1000
Rice,Kansas,12/18/2023,WOAH Non-Poultry,100
Sonoma,California,12/18/2023,WOAH Poultry,38100
Sonoma,California,12/18/2023,Commercial Table Egg Layer,497700
Lemhi,Idaho,12/17/2024,WOAH Non-Poultry,20
Sioux,Iowa,12/17/2024,Commercial Table Egg Layer,428600
Monona,Iowa,12/17/2024,WOAH Non-Poultry,30
O'brien,Iowa,12/17/2024,Commercial Table Egg Layer,351400
Charles Mix,South Dakota,12/17/2024,Commercial Turkey Meat Bird,74800
Stanislaus,California,12/17/2024,Commercial Turkey Meat Bird,33100
Bon Homme,South Dakota,12/17/2024,Commercial Turkey Meat Bird,48700
Lancaster,Nebraska,12/17/2024,WOAH Poultry,290
Charles Mix,South Dakota,12/17/2024,WOAH Poultry,1800
Worth,Iowa,12/17/2024,Commercial Turkey Meat Bird,19500
Lemhi,Idaho,12/17/2024,WOAH Non-Poultry,150
Merced,California,12/16/2024,Commercial Turkey Meat Bird,53100
Merced,California,12/16/2024,Commercial Table Egg Pullets,424700
Sarpy,Nebraska,12/16/2024,WOAH Non-Poultry,30
Butte,California,12/16/2022,WOAH Non-Poultry,20
Flathead,Montana,12/16/2022,WOAH Non-Poultry,0
Weld,Colorado,12/16/2022,Commercial Table Egg Layer,1291000
Duval,Florida,12/16/2022,WOAH Non-Poultry,10
Waseca,Minnesota,12/15/2023,WOAH Non-Poultry,90
Latah,Idaho,12/15/2023,WOAH Poultry,200
Polk,Oregon,12/15/2022,WOAH Non-Poultry,20
Tulare,California,12/14/2024,Commercial Duck Meat Bird,41100
Merced,California,12/14/2024,Commercial Duck Meat Bird,119000
Bossier,Louisiana,12/14/2024,WOAH Non-Poultry,40
Monterey,California,12/14/2024,Commercial Duck Breeder,13700
Darke,Ohio,12/14/2023,Commercial Table Egg Layer,522300
Scott,Arkansas,12/14/2023,WOAH Non-Poultry,180
Clatsop,Oregon,12/14/2023,WOAH Non-Poultry,30
Moody,South Dakota,12/14/2022,Commercial Table Egg Layer,1332100
Knox,Nebraska,12/14/2022,WOAH Poultry,160
Spink,South Dakota,12/14/2022,WOAH Poultry,280
Redwood,Minnesota,12/14/2022,WOAH Non-Poultry,40
Weakley,Tennessee,12/14/2022,WOAH Poultry,37900
Franklin,Washington,12/14/2022,Commercial Table Egg Layer,1015500
Tulare,California,12/13/2024,Commercial Broiler Production,514500
Barron,Wisconsin,12/13/2024,Commercial Turkey Breeder Hens,13200
Livingston,Illinois,12/13/2024,Commercial Turkey Breeder Hens,40900
Weld,Colorado,12/13/2023,WOAH Non-Poultry,30
Mcpherson,Kansas,12/13/2023,WOAH Poultry,20000
Merced,California,12/13/2023,Commercial Broiler Production,183100
Rice,Kansas,12/13/2023,Commercial Table Egg Layer,700000
San Joaquin,California,12/13/2023,Commercial Duck Breeder,6000
Merced,California,12/13/2023,Commercial Table Egg Layer,1358600
Daviess,Indiana,12/13/2022,Commercial Turkey Meat Bird,11400
Linn,Oregon,12/13/2022,WOAH Non-Poultry,20
Columbia,Oregon,12/13/2022,WOAH Non-Poultry,100
Craighead,Arkansas,12/12/2024,WOAH Non-Poultry,10
Pope,Arkansas,12/12/2024,WOAH Non-Poultry,40
Sac,Iowa,12/12/2024,Commercial Turkey Meat Bird,45200
Kingsbury,South Dakota,12/12/2024,Commercial Turkey Meat Bird,39300
Dutchess,New York,12/12/2023,WOAH Poultry,4200
Lake,South Dakota,12/12/2023,Commercial Turkey Meat Bird,76000
St. Louis,Missouri,12/12/2023,WOAH Non-Poultry,20
Etowah,Alabama,12/12/2023,WOAH Non-Poultry,80
Wadena,Minnesota,12/12/2022,Commercial Turkey Meat Bird,298100
Buena Vista,Iowa,12/12/2022,Commercial Turkey Meat Bird,51200
Hanson,South Dakota,12/12/2022,Commercial Turkey Meat Bird,23900
Ida,Iowa,12/12/2022,Commercial Turkey Meat Bird,90000
Cherokee,Iowa,12/12/2022,Commercial Turkey Meat Bird,50000
Sac,Iowa,12/12/2022,Commercial Turkey Meat Bird,50000
Dodge,Nebraska,12/11/2024,WOAH Non-Poultry,10
Palo Alto,Iowa,12/11/2024,Commercial Turkey Meat Bird,31100
Brule,South Dakota,12/11/2024,Commercial Turkey Meat Bird,50900
Adair,Oklahoma,12/11/2024,WOAH Poultry,40000
Sioux,Iowa,12/11/2024,Commercial Table Egg Layer,1575700
Olmsted,Minnesota,12/11/2023,Commercial Turkey Breeder Hens,14400
Jewell,Kansas,12/10/2024,WOAH Non-Poultry,40
Franklin,Idaho,12/10/2024,WOAH Non-Poultry,40
Moody,South Dakota,12/10/2024,Commercial Turkey Meat Bird,46700
Daviess,Missouri,12/10/2024,WOAH Poultry,19900
Stanislaus,California,12/10/2024,Commercial Duck Breeder,81800
Cedar,Missouri,12/10/2024,WOAH Non-Poultry,20
Charles Mix,South Dakota,12/10/2024,Commercial Turkey Meat Bird,32400
La Plata,Colorado,12/10/2024,WOAH Non-Poultry,20
Jefferson,Idaho,12/10/2024,WOAH Non-Poultry,60
Beadle,South Dakota,12/10/2024,Commercial Turkey Meat Bird,52200
Tulare,California,12/10/2024,Commercial Broiler Production,330200
Kern,California,12/9/2024,WOAH Poultry,45400
Beadle,South Dakota,12/9/2024,Commercial Turkey Meat Bird,50600
Lafayette,Arkansas,12/9/2024,WOAH Non-Poultry,40
Hutchinson,South Dakota,12/9/2024,Commercial Turkey Meat Bird,42800
Polk,Oregon,12/9/2022,WOAH Non-Poultry,70
Clackamas,Oregon,12/9/2022,WOAH Non-Poultry,60
Osage,Missouri,12/9/2022,Commercial Turkey Meat Bird,19700
Prowers,Colorado,12/9/2022,Commercial Upland Gamebird Producer,11000
Onslow,North Carolina,12/9/2022,WOAH Non-Poultry,60
Mills,Iowa,12/8/2023,WOAH Non-Poultry,10
Barron,Wisconsin,12/8/2023,Commercial Turkey Meat Bird,70000
Barton,Kansas,12/8/2023,WOAH Non-Poultry,30
Charles Mix,South Dakota,12/8/2023,Commercial Turkey Meat Bird,32400
Dodge,Minnesota,12/8/2022,Commercial Turkey Meat Bird,10000
Dade,Missouri,12/8/2022,WOAH Non-Poultry,30
Hamlin,South Dakota,12/8/2022,Commercial Turkey Meat Bird,58100
Orleans,Vermont,12/7/2023,WOAH Non-Poultry,40
Stanislaus,California,12/7/2023,Commercial Broiler Production,258600
Hardin,Ohio,12/7/2023,Commercial Table Egg Layer,2613600
Carroll,Arkansas,12/7/2023,Commercial Turkey Meat Bird,33300
Darke,Ohio,12/7/2023,Commercial Turkey Meat Bird,15200
Sonoma,California,12/7/2023,Commercial Duck Meat Bird,4900
Montmorency,Michigan,12/7/2023,WOAH Poultry,100
Sac,Iowa,12/7/2022,Commercial Turkey Meat Bird,40000
Kingsbury,South Dakota,12/7/2022,WOAH Non-Poultry,70
Cherokee,Iowa,12/7/2022,Commercial Turkey Meat Bird,105000
Sioux,Iowa,12/6/2024,Commercial Table Egg Layer,4200000
Washakie,Wyoming,12/6/2024,WOAH Non-Poultry,20
Stanislaus,California,12/6/2024,WOAH Poultry,44100
Pitkin,Colorado,12/6/2024,WOAH Non-Poultry,50
Nemaha,Nebraska,12/6/2024,Commercial Turkey Breeder Hens,12400
Todd,Minnesota,12/6/2023,Commercial Turkey Meat Bird,64000
Hamlin,South Dakota,12/6/2023,Commercial Turkey Meat Bird,56200
Bon Homme,South Dakota,12/6/2023,Commercial Turkey Meat Bird,47600
Becker,Minnesota,12/6/2023,Commercial Breeder Operation,20600
Sonoma,California,12/6/2023,Commercial Table Egg Layer,232000
Harrison,Missouri,12/6/2022,WOAH Non-Poultry,30
Denton,Texas,12/6/2022,WOAH Non-Poultry,40
Pawnee,Oklahoma,12/6/2022,WOAH Non-Poultry,30
Larimer,Colorado,12/6/2022,WOAH Non-Poultry,2
Lamoille,Vermont,12/6/2022,WOAH Non-Poultry,50
Merced,California,12/5/2024,Commercial Table Egg Layer,1723800
San Joaquin,California,12/5/2024,Commercial Duck Meat Bird,13000
Merced,California,12/5/2024,Commercial Table Egg Layer,306100
Merced,California,12/5/2024,Commercial Table Egg Layer,793700
Shawnee,Kansas,12/5/2023,WOAH Non-Poultry,70
Stanislaus,California,12/5/2023,Commercial Broiler Production,254400
Otter Tail,Minnesota,12/5/2023,Commercial Turkey Meat Bird,26300
Stanislaus,California,12/5/2023,Commercial Broiler Production,239900
Kingsbury,South Dakota,12/5/2023,WOAH Non-Poultry,370
Spink,South Dakota,12/5/2023,Commercial Turkey Meat Bird,26600
Lawrence,Alabama,12/5/2022,WOAH Non-Poultry,460
Charles Mix,South Dakota,12/5/2022,Commercial Turkey Meat Bird,34100
Clark,South Dakota,12/5/2022,Commercial Turkey Meat Bird,24300
Buena Vista,Iowa,12/5/2022,Commercial Turkey Meat Bird,40700
Stanislaus,California,12/4/2024,Commercial Table Egg Layer,720800
Sacramento,California,12/4/2024,Commercial Turkey Meat Bird,61200
Riverside,California,12/4/2024,WOAH Non-Poultry,70
Stanislaus,California,12/4/2024,Commercial Turkey Meat Bird,23100
Charles Mix,South Dakota,12/4/2024,Commercial Turkey Meat Bird,65200
Stanislaus,California,12/4/2024,Commercial Turkey Meat Bird,57700
Johnson,Arkansas,12/4/2023,Commercial Broiler Production,109000
Mcpherson,South Dakota,12/4/2023,Commercial Turkey Meat Bird,40800
Barron,Wisconsin,12/4/2023,Commercial Turkey Meat Bird,113800
Pottawatomie,Kansas,12/4/2023,WOAH Non-Poultry,30
Adair,Oklahoma,12/3/2024,Commercial Broiler Breeder,63700
Fresno,California,12/3/2024,Commercial Broiler Production,237100
Spink,South Dakota,12/3/2024,Commercial Turkey Meat Bird,41400
Douglas,Kansas,12/3/2024,WOAH Non-Poultry,100
Mcpherson,South Dakota,12/3/2024,Commercial Turkey Meat Bird,78200
Utah,Utah,12/3/2024,WOAH Non-Poultry,30
Bottineau,North Dakota,12/2/2024,WOAH Poultry,30
Clark,South Dakota,12/2/2022,WOAH Non-Poultry,40
Union,North Carolina,12/2/2022,WOAH Non-Poultry,9
Knox,Nebraska,12/2/2022,WOAH Non-Poultry,10
Woodbury,Iowa,12/1/2023,WOAH Non-Poultry,40
Canyon,Idaho,12/1/2023,WOAH Non-Poultry,20
Darke,Ohio,12/1/2023,Commercial Turkey Meat Bird,33000
Bay,Michigan,12/1/2023,WOAH Non-Poultry,60
Brookings,South Dakota,12/1/2022,WOAH Non-Poultry,210
Lake,South Dakota,12/1/2022,Commercial Turkey Meat Bird,78000
Arkansas,Arkansas,12/1/2022,WOAH Non-Poultry,20
Jackson,Missouri,12/1/2022,WOAH Non-Poultry,30
Lewis And Clark,Montana,11/30/2023,WOAH Non-Poultry,6
Sonoma,California,11/30/2023,Commercial Table Egg Layer,82500
San Benito,California,11/30/2023,Commercial Duck Breeder,5000
Minnehaha,South Dakota,11/30/2023,WOAH Non-Poultry,80
Bent,Colorado,11/30/2023,WOAH Poultry,4100
Charles Mix,South Dakota,11/30/2022,Commercial Turkey Meat Bird,75100
Hamlin,South Dakota,11/30/2022,Commercial Turkey Meat Bird,50000
Grundy,Illinois,11/30/2022,WOAH Poultry,8800
Merced,California,11/29/2024,Commercial Turkey Meat Bird,25200
Fresno,California,11/29/2024,Commercial Duck Breeder,23100
Meeker,Minnesota,11/29/2024,Commercial Turkey Meat Bird,223800
Tulare,California,11/29/2024,Commercial Duck Breeder,26500
Gibson,Tennessee,11/29/2024,Commercial Broiler Breeder,37700
Fresno,California,11/29/2024,Commercial Broiler Production,266400
Carroll,Arkansas,11/29/2023,Commercial Broiler Production,81200
Dickey,North Dakota,11/29/2023,WOAH Poultry,130
Becker,Minnesota,11/29/2023,Commercial Turkey Breeder Hens,23200
Otter Tail,Minnesota,11/29/2023,Commercial Turkey Meat Bird,18800
Douglas,Minnesota,11/29/2023,Commercial Turkey Meat Bird,13500
Morgan,Colorado,11/29/2023,WOAH Non-Poultry,60
Woodbury,Iowa,11/29/2023,WOAH Non-Poultry,10
Spink,South Dakota,11/29/2022,Commercial Turkey Meat Bird,32900
Washington,Maryland,11/29/2022,Commercial Table Egg Breeder,24600
Hanson,South Dakota,11/29/2022,Commercial Turkey Meat Bird,71600
Dickey,North Dakota,11/28/2023,Commercial Turkey Meat Bird,60300
Yankton,South Dakota,11/28/2023,Commercial Turkey Meat Bird,49000
Trempealeau,Wisconsin,11/28/2023,Commercial Turkey Meat Bird,23500
Emmons,North Dakota,11/28/2023,WOAH Non-Poultry,60
Sioux,Iowa,11/28/2023,Commercial Table Egg Layer,1616300
Colfax,Nebraska,11/28/2023,WOAH Non-Poultry,20
Trempealeau,Wisconsin,11/28/2023,Commercial Turkey Meat Bird,48700
Mcpherson,South Dakota,11/28/2023,Commercial Turkey Meat Bird,61800
Pierce,Washington,11/28/2023,WOAH Non-Poultry,540
Iron,Utah,11/28/2022,WOAH Poultry,3000
Webster,Missouri,11/28/2022,Commercial Turkey Meat Bird,15100
Meeker,Minnesota,11/27/2024,Commercial Turkey Meat Bird,24700
Union,Oregon,11/27/2024,WOAH Non-Poultry,30
Faulk,South Dakota,11/27/2024,Commercial Turkey Meat Bird,56000
Beadle,South Dakota,11/27/2024,Commercial Turkey Meat Bird,41100
Sanpete,Utah,11/27/2024,Commercial Turkey Meat Bird,51800
Ransom,North Dakota,11/27/2024,Commercial Turkey Meat Bird,59500
Sonoma,California,11/27/2023,Commercial Duck Breeder,205500
Brown,Minnesota,11/27/2023,Commercial Turkey Breeder Hens,7800
Matanuska Susitna,Alaska,11/26/2024,WOAH Non-Poultry,70
Meeker,Minnesota,11/25/2024,Commercial Turkey Meat Bird,30500
Turner,South Dakota,11/25/2022,WOAH Non-Poultry,210
Beadle,South Dakota,11/25/2022,Commercial Turkey Meat Bird,67900
Beadle,South Dakota,11/25/2022,Commercial Turkey Meat Bird,50700
Dixon,Nebraska,11/25/2022,Commercial Table Egg Layer,1700000
Matanuska Susitna,Alaska,11/25/2022,WOAH Non-Poultry,40
Spink,South Dakota,11/25/2022,Commercial Turkey Meat Bird,55500
Durham,North Carolina,11/25/2022,WOAH Non-Poultry,30
Freeborn,Minnesota,11/24/2023,WOAH Non-Poultry,8
Kandiyohi,Minnesota,11/24/2023,Commercial Turkey Breeder Hens,7300
Clackamas,Oregon,11/24/2023,WOAH Non-Poultry,10
Otter Tail,Minnesota,11/24/2023,Commercial Breeder Operation,19400
Columbia,Oregon,11/23/2022,WOAH Non-Poultry,30
Faulk,South Dakota,11/23/2022,Commercial Turkey Meat Bird,49900
Davidson,Tennessee,11/23/2022,WOAH Non-Poultry,10
Todd,Minnesota,11/23/2022,Commercial Turkey Meat Bird,44500
Broward,Florida,11/23/2022,WOAH Non-Poultry,10
Brule,South Dakota,11/23/2022,WOAH Non-Poultry,30
Mchenry,North Dakota,11/22/2024,WOAH Poultry,80
Merced,California,11/22/2024,Commercial Table Egg Pullets,538600
Brule,South Dakota,11/22/2023,Commercial Turkey Meat Bird,45100
Trempealeau,Wisconsin,11/22/2023,Commercial Turkey Meat Bird,51300
Stearns,Minnesota,11/22/2023,Commercial Turkey Meat Bird,34200
Otter Tail,Minnesota,11/22/2023,Commercial Turkey Meat Bird,28000
Beadle,South Dakota,11/22/2022,Commercial Turkey Meat Bird,29200
Webster,Missouri,11/22/2022,WOAH Poultry,9100
Roger Mills,Oklahoma,11/21/2024,WOAH Non-Poultry,0
Madera,California,11/21/2024,WOAH Non-Poultry,0
Lemhi,Idaho,11/21/2024,WOAH Non-Poultry,20
Piute,Utah,11/21/2024,Commercial Turkey Meat Bird,35500
Maricopa,Arizona,11/21/2024,WOAH Non-Poultry,490
Tulare,California,11/21/2024,Commercial Duck Meat Bird,96900
Salt Lake,Utah,11/21/2024,WOAH Non-Poultry,30
Beadle,South Dakota,11/21/2023,Commercial Turkey Meat Bird,78200
Grimes,Texas,11/21/2023,WOAH Non-Poultry,60
Kingsbury,South Dakota,11/21/2023,Commercial Turkey Meat Bird,28800
Union,Ohio,11/21/2023,Commercial Table Egg Layer,1348900
Clark,South Dakota,11/21/2023,Commercial Turkey Meat Bird,23600
Clark,South Dakota,11/21/2023,Commercial Turkey Meat Bird,57400
Broward,Florida,11/21/2023,WOAH Non-Poultry,5
Caroline,Maryland,11/21/2023,Commercial Broiler Production,192900
Sumter,Georgia,11/21/2023,Commercial Raised for Release Waterfowl,30000
Big Stone,Minnesota,11/21/2023,Commercial Turkey Meat Bird,78500
Kandiyohi,Minnesota,11/21/2023,Commercial Breeder Operation,8400
Brown,Minnesota,11/21/2023,Commercial Turkey Breeder Hens,6400
Washington,Maine,11/21/2022,WOAH Non-Poultry,90
Edmunds,South Dakota,11/21/2022,Commercial Turkey Meat Bird,34400
Matanuska Susitna,Alaska,11/20/2024,WOAH Non-Poultry,40
Kern,California,11/20/2024,Commercial Table Egg Layer,1022400
Marin,California,11/20/2024,Commercial Duck Meat Bird,6500
Edmunds,South Dakota,11/20/2023,Commercial Turkey Breeder Replacement Hens,30100
Edmunds,South Dakota,11/20/2023,Commercial Turkey Meat Bird,33400
Edmunds,South Dakota,11/20/2023,Commercial Turkey Breeder Hens,19200
Day,South Dakota,11/20/2023,WOAH Poultry,60
Taylor,Wisconsin,11/20/2023,WOAH Non-Poultry,8
Fresno,California,11/20/2023,Commercial Duck Breeder,23400
Swift,Minnesota,11/20/2023,Commercial Turkey Meat Bird,134300
Walworth,South Dakota,11/20/2023,WOAH Non-Poultry,0
San Juan,New Mexico,11/20/2023,WOAH Non-Poultry,20
Lake,South Dakota,11/19/2024,WOAH Non-Poultry,20
Merced,California,11/19/2024,Commercial Turkey Meat Bird,38200
Fresno,California,11/19/2024,Commercial Broiler Production,172800
Henry,Illinois,11/19/2024,WOAH Poultry,5600
Whatcom,Washington,11/19/2024,WOAH Non-Poultry,40
Martin,Minnesota,11/18/2024,WOAH Non-Poultry,40
Honolulu,Hawaii,11/18/2024,WOAH Non-Poultry,9
Martin,Minnesota,11/18/2024,WOAH Non-Poultry,30
Utah,Utah,11/18/2022,WOAH Non-Poultry,270
Union,North Carolina,11/18/2022,WOAH Non-Poultry,50
Fall River,South Dakota,11/17/2023,WOAH Non-Poultry,80
Berks,Pennsylvania,11/17/2022,WOAH Non-Poultry,30
Broward,Florida,11/17/2022,WOAH Non-Poultry,20
Stearns,Minnesota,11/16/2023,Commercial Turkey Meat Bird,43100
Marion,Oregon,11/16/2023,Commercial Broiler Production,123500
Linn,Oregon,11/16/2023,Commercial Broiler Production,630700
Benton,Iowa,11/16/2023,WOAH Non-Poultry,90
Duval,Florida,11/16/2023,WOAH Non-Poultry,50
Seminole,Florida,11/16/2022,WOAH Poultry,100
Hillsborough,Florida,11/16/2022,WOAH Non-Poultry,100
Fresno,California,11/16/2022,Commercial Duck Breeder,34700
Piute,Utah,11/15/2024,Commercial Turkey Meat Bird,35000
Honolulu,Hawaii,11/15/2024,WOAH Non-Poultry,70
Stanislaus,California,11/15/2024,Commercial Turkey Meat Bird,21500
Edmunds,South Dakota,11/15/2023,Commercial Turkey Breeder Replacement Hens,24500
Cass,Michigan,11/15/2023,WOAH Non-Poultry,20
Mcintosh,North Dakota,11/15/2023,WOAH Poultry,100
Lamoure,North Dakota,11/15/2023,Commercial Turkey Meat Bird,25100
Duval,Florida,11/15/2022,WOAH Non-Poultry,30
Bledsoe,Tennessee,11/15/2022,Commercial Broiler Breeder,20900
Otter Tail,Minnesota,11/15/2022,Commercial Turkey Meat Bird,28200
Merced,California,11/14/2024,Commercial Turkey Meat Bird,53200
Kings,California,11/14/2024,WOAH Non-Poultry,8
Kings,California,11/14/2024,Commercial Broiler Production,279300
Kings,California,11/14/2024,Commercial Broiler Production,53300
San Joaquin,California,11/14/2024,Commercial Broiler Production,29100
Fresno,California,11/14/2024,Commercial Turkey Meat Bird,17700
Fresno,California,11/14/2024,Commercial Turkey Meat Bird,39600
Weld,Colorado,11/14/2024,WOAH Non-Poultry,80
Fresno,California,11/14/2024,Commercial Broiler Production,259000
Fresno,California,11/14/2024,Commercial Turkey Meat Bird,17500
Jasper,Missouri,11/14/2023,Commercial Turkey Meat Bird,29300
Redwood,Minnesota,11/14/2023,Commercial Turkey Meat Bird,18700
Deschutes,Oregon,11/14/2023,WOAH Non-Poultry,30
Marion,Oregon,11/14/2023,WOAH Non-Poultry,5
Missoula,Montana,11/14/2023,WOAH Non-Poultry,4
Kossuth,Iowa,11/14/2023,WOAH Poultry,13000
Jones,Iowa,11/14/2023,WOAH Non-Poultry,20
Cerro Gordo,Iowa,11/14/2023,WOAH Non-Poultry,80
Ellis,Texas,11/14/2023,WOAH Non-Poultry,50
Kandiyohi,Minnesota,11/14/2023,Commercial Turkey Meat Bird,35600
Taylor,Iowa,11/14/2023,Commercial Table Egg Layer,1121100
Lowndes,Mississippi,11/14/2022,WOAH Non-Poultry,8
Malheur,Oregon,11/13/2024,WOAH Non-Poultry,8
Pinal,Arizona,11/13/2024,Commercial Table Egg Layer,829200
Montrose,Colorado,11/13/2023,WOAH Non-Poultry,50
Bonneville,Idaho,11/13/2023,WOAH Non-Poultry,50
Mcintosh,North Dakota,11/13/2023,WOAH Non-Poultry,50
Fresno,California,11/12/2024,Commercial Turkey Meat Bird,34800
Fresno,California,11/12/2024,Commercial Broiler Production,237700
Tulare,California,11/12/2024,WOAH Non-Poultry,120
Kern,California,11/12/2024,Commercial Table Egg Layer,2155100
Missoula,Montana,11/12/2024,WOAH Poultry,280
Piute,Utah,11/12/2024,Commercial Turkey Meat Bird,37500
Queens,New York,11/12/2022,Live Bird Market,170
Lehigh,Pennsylvania,11/10/2022,Commercial Turkey Breeder Toms,160
Lapeer,Michigan,11/10/2022,WOAH Poultry,990
Mountrail,North Dakota,11/10/2022,WOAH Non-Poultry,40
Ward,North Dakota,11/10/2022,WOAH Poultry,20
Lehigh,Pennsylvania,11/10/2022,Commercial Turkey Meat Bird,18500
Redwood,Minnesota,11/9/2023,Commercial Turkey Meat Bird,18500
Wheatland,Montana,11/9/2023,WOAH Poultry,4500
Sweet Grass,Montana,11/9/2023,WOAH Non-Poultry,3
Mcpherson,South Dakota,11/9/2023,Commercial Turkey Meat Bird,58400
Steele,Minnesota,11/9/2023,Commercial Turkey Meat Bird,46900
Roberts,South Dakota,11/9/2023,Commercial Turkey Meat Bird,51200
Clark,South Dakota,11/8/2023,Commercial Upland Gamebird Producer,8500
Utah,Utah,11/8/2023,WOAH Non-Poultry,60
Charles Mix,South Dakota,11/8/2023,Commercial Turkey Meat Bird,74100
Kossuth,Iowa,11/8/2023,WOAH Poultry,8200
Matanuska Susitna,Alaska,11/8/2023,WOAH Non-Poultry,40
Snohomish,Washington,11/8/2022,WOAH Non-Poultry,150
Lehigh,Pennsylvania,11/8/2022,Commercial Turkey Meat Bird,17400
Louisa,Iowa,11/8/2022,WOAH Non-Poultry,20
Lehigh,Pennsylvania,11/8/2022,Commercial Turkey Breeder Hens,7500
Snohomish,Washington,11/7/2024,WOAH Non-Poultry,170
Stearns,Minnesota,11/7/2023,Commercial Turkey Meat Bird,70900
Gloucester,Virginia,11/7/2022,WOAH Non-Poultry,80
Converse,Wyoming,11/7/2022,WOAH Non-Poultry,20
Jefferson,Wisconsin,11/7/2022,Commercial Upland Gamebird Producer,187900
Butler,Ohio,11/7/2022,WOAH Poultry,150
Hamilton,Iowa,11/6/2023,Commercial Breeder (Multiple Bird Species),15000
Benton,Missouri,11/6/2023,Commercial Broiler Breeder,16600
Clay,Iowa,11/6/2023,WOAH Poultry,1700
Wright,Iowa,11/6/2022,Commercial Table Egg Layer,1022800
Lawrence,Mississippi,11/4/2022,Commercial Broiler Breeder,34400
Dauphin,Pennsylvania,11/4/2022,WOAH Non-Poultry,130
Sullivan,New York,11/4/2022,WOAH Non-Poultry,140
Lehigh,Pennsylvania,11/4/2022,Commercial Turkey Meat Bird,14500
Clay,Iowa,11/3/2023,WOAH Poultry,8300
Clay,Iowa,11/3/2023,WOAH Poultry,7700
Wright,Minnesota,11/3/2023,Commercial Table Egg Layer,940000
Mcpherson,South Dakota,11/3/2023,Commercial Turkey Breeder Hens,26800
Marathon,Wisconsin,11/3/2022,WOAH Non-Poultry,30
Yamhill,Oregon,11/3/2022,WOAH Poultry,150
Lehigh,Pennsylvania,11/3/2022,Commercial Turkey Meat Bird,28500
Middlesex,Massachusetts,11/3/2022,WOAH Non-Poultry,20
Bottineau,North Dakota,11/3/2022,WOAH Poultry,130
San Diego,California,11/3/2022,WOAH Poultry,150
Beaufort,South Carolina,11/3/2022,WOAH Non-Poultry,170
Yavapai,Arizona,11/3/2022,WOAH Non-Poultry,30
Broward,Florida,11/3/2022,WOAH Non-Poultry,70
Sonoma,California,11/2/2024,WOAH Non-Poultry,30
Sacramento,California,11/2/2024,Commercial Turkey Meat Bird,48300
Marshall,Alabama,11/2/2023,Commercial Broiler Breeder Pullets,47900
Grady,Oklahoma,11/2/2023,WOAH Non-Poultry,120
Bergen,New Jersey,11/2/2022,WOAH Non-Poultry,60
Allegheny,Pennsylvania,11/2/2022,WOAH Non-Poultry,20
Waukesha,Wisconsin,11/2/2022,WOAH Non-Poultry,10
Yavapai,Arizona,11/2/2022,WOAH Non-Poultry,50
Okanogan,Washington,11/1/2024,WOAH Non-Poultry,20
Jackson,Oregon,11/1/2024,WOAH Non-Poultry,60
Flathead,Montana,11/1/2024,WOAH Non-Poultry,40
Stevens,Washington,11/1/2024,WOAH Non-Poultry,130
Buena Vista,Iowa,11/1/2023,Commercial Turkey Meat Bird,30000
Granite,Montana,11/1/2022,WOAH Poultry,40
Stearns,Minnesota,11/1/2022,Commercial Turkey Meat Bird,8500
Wayne,New York,11/1/2022,WOAH Non-Poultry,10
Deschutes,Oregon,11/1/2022,WOAH Non-Poultry,8
Gregory,South Dakota,11/1/2022,Commercial Upland Gamebird Producer,3000
Beadle,South Dakota,10/31/2023,Commercial Turkey Meat Bird,29700
Lincoln,Tennessee,10/31/2023,WOAH Non-Poultry,100
Madison,Arkansas,10/31/2023,Commercial Broiler Breeder Pullets,31600
Wagoner,Oklahoma,10/31/2023,WOAH Non-Poultry,50
Meeker,Minnesota,10/31/2023,Commercial Turkey Meat Bird,32100
Wright,Iowa,10/31/2022,Commercial Table Egg Layer,1100000
Swift,Minnesota,10/31/2022,Commercial Turkey Meat Bird,45600
Tipton,Tennessee,10/31/2022,WOAH Non-Poultry,90
Venango,Pennsylvania,10/30/2024,WOAH Non-Poultry,20
Kings,California,10/30/2024,Commercial Broiler Production,117200
Fresno,California,10/30/2024,Commercial Broiler Production,204600
Tulare,California,10/29/2024,WOAH Non-Poultry,10
Kings,California,10/29/2024,Commercial Broiler Production,305500
Kings,California,10/29/2024,Commercial Broiler Production,104500
Matanuska Susitna,Alaska,10/28/2023,WOAH Non-Poultry,50
Matanuska Susitna,Alaska,10/28/2023,WOAH Non-Poultry,30
Hillsborough,Florida,10/28/2022,WOAH Non-Poultry,40
Chilton,Alabama,10/27/2023,Commercial Upland Gamebird Producer,306500
Kittitas,Washington,10/27/2023,WOAH Poultry,70
Stearns,Minnesota,10/27/2022,Commercial Turkey Meat Bird,75000
Le Sueur,Minnesota,10/27/2022,Commercial Turkey Meat Bird,20100
Merced,California,10/26/2023,Commercial Turkey Meat Bird,31600
La Plata,Colorado,10/26/2022,WOAH Non-Poultry,20
Pasco,Florida,10/26/2022,WOAH Non-Poultry,40
Crook,Oregon,10/25/2024,WOAH Non-Poultry,180
Lewis,Washington,10/25/2024,WOAH Non-Poultry,60
Beadle,South Dakota,10/25/2023,Commercial Turkey Meat Bird,51100
Clark,South Dakota,10/25/2023,Commercial Turkey Meat Bird,31100
Meeker,Minnesota,10/25/2023,Commercial Turkey Meat Bird,33000
Hanson,South Dakota,10/25/2023,Commercial Turkey Meat Bird,13400
Brown,Minnesota,10/25/2023,WOAH Non-Poultry,20
Union,Oregon,10/25/2023,WOAH Non-Poultry,30
Pine,Minnesota,10/25/2023,WOAH Non-Poultry,30
Swift,Minnesota,10/25/2022,Commercial Turkey Meat Bird,33800
Lake,Florida,10/25/2022,WOAH Non-Poultry,9
Sanpete,Utah,10/25/2022,Commercial Turkey Meat Bird,3900
Indian River,Florida,10/25/2022,WOAH Non-Poultry,30
Indian River,Florida,10/25/2022,WOAH Poultry,50
Martin,Florida,10/25/2022,WOAH Non-Poultry,30
Grant,South Dakota,10/25/2022,WOAH Non-Poultry,50
Tulare,California,10/24/2024,Commercial Broiler Production,6000
Guthrie,Iowa,10/24/2023,WOAH Non-Poultry,50
Kandiyohi,Minnesota,10/24/2023,Commercial Turkey Meat Bird,53700
Pocahontas,Iowa,10/24/2023,Commercial Turkey Meat Bird,50000
Blue Earth,Minnesota,10/24/2023,Commercial Turkey Meat Bird,11900
Clackamas,Oregon,10/23/2024,Commercial Table Egg Layer,150000
Buena Vista,Iowa,10/23/2023,Commercial Turkey Meat Bird,49100
Southampton,Virginia,10/22/2022,WOAH Non-Poultry,170
Ocean,New Jersey,10/22/2022,WOAH Non-Poultry,90
Itasca,Minnesota,10/21/2022,WOAH Non-Poultry,40
Cleveland,Oklahoma,10/21/2022,WOAH Non-Poultry,30
Wake,North Carolina,10/21/2022,WOAH Non-Poultry,170
Union,Oregon,10/20/2023,WOAH Poultry,100
Newport,Rhode Island,10/20/2022,WOAH Non-Poultry,60
Hill,Montana,10/20/2022,WOAH Non-Poultry,60
Dallas,Iowa,10/20/2022,WOAH Non-Poultry,50
Virginia Beach City,Virginia,10/20/2022,WOAH Non-Poultry,10
Okeechobee,Florida,10/20/2022,WOAH Non-Poultry,2
Creek,Oklahoma,10/20/2022,WOAH Non-Poultry,50
Valley,Idaho,10/20/2022,WOAH Non-Poultry,20
Spink,South Dakota,10/20/2022,WOAH Non-Poultry,160
Indian River,Florida,10/20/2022,WOAH Non-Poultry,60
Jefferson,Colorado,10/20/2022,WOAH Poultry,50
Park,Montana,10/19/2023,WOAH Non-Poultry,3
Spink,South Dakota,10/19/2023,Commercial Turkey Meat Bird,34000
Becker,Minnesota,10/19/2023,Commercial Breeder Operation,20200
Sanpete,Utah,10/19/2022,Commercial Turkey Meat Bird,9400
Roberts,South Dakota,10/19/2022,Commercial Breeder Operation,3600
Shawnee,Kansas,10/19/2022,WOAH Poultry,120
Rockwall,Texas,10/19/2022,WOAH Non-Poultry,50
Redwood,Minnesota,10/18/2023,Commercial Turkey Meat Bird,8900
Blue Earth,Minnesota,10/18/2023,Commercial Turkey Meat Bird,11500
Indian River,Florida,10/18/2022,WOAH Non-Poultry,300
Jackson,Missouri,10/18/2022,WOAH Non-Poultry,40
Osceola,Florida,10/18/2022,WOAH Non-Poultry,20
Sanpete,Utah,10/18/2022,Commercial Turkey Meat Bird,100800
Traill,North Dakota,10/18/2022,WOAH Non-Poultry,90
St. Lucie,Florida,10/18/2022,WOAH Non-Poultry,6
York,Nebraska,10/18/2022,Commercial Upland Gamebird Producer,34900
Kitsap,Washington,10/17/2024,WOAH Non-Poultry,60
Faulk,South Dakota,10/17/2023,Commercial Turkey Meat Bird,49700
Becker,Minnesota,10/17/2023,Commercial Turkey Breeder Toms,2700
King,Washington,10/17/2023,WOAH Non-Poultry,10
Mcpherson,South Dakota,10/17/2023,Commercial Turkey Meat Bird,65000
Adams,Pennsylvania,10/17/2022,Commercial Turkey Meat Bird,15100
Nye,Nevada,10/17/2022,WOAH Poultry,1600
Tulare,California,10/16/2024,Commercial Broiler Production,786600
Carter,Oklahoma,10/16/2023,WOAH Non-Poultry,80
Franklin,Washington,10/15/2024,Commercial Table Egg Layer,839700
Cache,Utah,10/15/2024,Commercial Table Egg Layer,1852900
Matanuska Susitna,Alaska,10/14/2022,WOAH Poultry,1000
Tulsa,Oklahoma,10/14/2022,WOAH Non-Poultry,30
La Plata,Colorado,10/14/2022,WOAH Non-Poultry,40
Pope,Arkansas,10/14/2022,WOAH Non-Poultry,470
Larimer,Colorado,10/14/2022,WOAH Non-Poultry,20
Broward,Florida,10/14/2022,WOAH Poultry,300
Flathead,Montana,10/13/2023,WOAH Non-Poultry,8
Golden Valley,North Dakota,10/13/2023,WOAH Non-Poultry,90
Meeker,Minnesota,10/13/2023,Commercial Turkey Meat Bird,71000
Sanpete,Utah,10/13/2022,Commercial Turkey Meat Bird,100000
Saint Croix,Wisconsin,10/13/2022,WOAH Non-Poultry,20
Stanislaus,California,10/13/2022,Commercial Turkey Meat Bird,54900
Warren,New Jersey,10/13/2022,WOAH Non-Poultry,6
Williams,North Dakota,10/12/2023,WOAH Non-Poultry,10
Weld,Colorado,10/12/2023,WOAH Non-Poultry,30
Sanpete,Utah,10/12/2022,Commercial Turkey Meat Bird,52800
Fremont,Wyoming,10/12/2022,WOAH Non-Poultry,30
Beadle,South Dakota,10/12/2022,Commercial Turkey Meat Bird,71400
Genesee,Michigan,10/12/2022,WOAH Non-Poultry,20
Hamlin,South Dakota,10/12/2022,WOAH Non-Poultry,20
Weld,Colorado,10/12/2022,WOAH Non-Poultry,40
Meeker,Minnesota,10/11/2023,Commercial Turkey Meat Bird,115000
Lapeer,Michigan,10/11/2022,WOAH Poultry,40
Adams,Pennsylvania,10/11/2022,WOAH Poultry,2800
Logan,Kentucky,10/11/2022,WOAH Non-Poultry,190
Martin,Florida,10/11/2022,WOAH Non-Poultry,50
Broward,Florida,10/11/2022,WOAH Non-Poultry,40
Gregory,South Dakota,10/11/2022,Commercial Upland Gamebird Producer,200
Glacier,Montana,10/10/2023,WOAH Poultry,77100
Miami-dade,Florida,10/7/2024,Live Bird Sales  (non-slaughter),70
Sanpete,Utah,10/7/2022,Commercial Turkey Meat Bird,38900
Boulder,Colorado,10/7/2022,WOAH Poultry,600
Madison,Arkansas,10/7/2022,Commercial Broiler Breeder Pullets,56000
Sanpete,Utah,10/7/2022,Commercial Turkey Meat Bird,26700
Neosho,Kansas,10/7/2022,WOAH Poultry,2000
Lapeer,Michigan,10/7/2022,WOAH Poultry,100
Johnson,Kansas,10/7/2022,WOAH Poultry,6
Pope,Minnesota,10/7/2022,WOAH Non-Poultry,30
Sanpete,Utah,10/6/2023,Commercial Turkey Meat Bird,134200
Sanpete,Utah,10/6/2023,Commercial Turkey Meat Bird,7600
Hampton City,Virginia,10/6/2022,WOAH Non-Poultry,40
Fayette,Kentucky,10/6/2022,WOAH Poultry,150
Brule,South Dakota,10/6/2022,Commercial Upland Gamebird Producer,500
Matanuska Susitna,Alaska,10/5/2022,WOAH Poultry,10
Monroe,Pennsylvania,10/5/2022,WOAH Non-Poultry,40
Matanuska Susitna,Alaska,10/5/2022,WOAH Non-Poultry,40
New Haven,Connecticut,10/5/2022,WOAH Non-Poultry,50
Berks,Pennsylvania,10/5/2022,WOAH Non-Poultry,10
Glacier,Montana,10/5/2022,WOAH Non-Poultry,1100
Jerauld,South Dakota,10/4/2023,Commercial Turkey Meat Bird,47300
Del Norte,California,10/4/2022,WOAH Poultry,43000
Box Butte,Nebraska,10/4/2022,WOAH Non-Poultry,100
York,Nebraska,10/4/2022,Commercial Upland Gamebird Producer,139500
Westmoreland,Pennsylvania,10/4/2022,WOAH Non-Poultry,160
Monterey,California,10/4/2022,Commercial Duck Breeder,15100
Bernalillo,New Mexico,10/4/2022,WOAH Non-Poultry,40
Canyon,Idaho,10/3/2024,WOAH Poultry,100
Canyon,Idaho,10/3/2023,WOAH Non-Poultry,70
Calaveras,California,10/3/2022,WOAH Non-Poultry,20
Cache,Utah,10/3/2022,WOAH Non-Poultry,320
Portage,Ohio,10/3/2022,WOAH Non-Poultry,50
Stanislaus,California,10/3/2022,Commercial Turkey Meat Bird,51000
Tuscola,Michigan,10/3/2022,WOAH Poultry,140
Douglas,Oregon,9/30/2022,WOAH Non-Poultry,30
Nelson,North Dakota,9/30/2022,WOAH Non-Poultry,50
Sanpete,Utah,9/29/2022,Commercial Turkey Meat Bird,19300
York,Pennsylvania,9/29/2022,Commercial Turkey Meat Bird,25900
Lancaster,Pennsylvania,9/29/2022,WOAH Non-Poultry,180
Dunn,Wisconsin,9/29/2022,Commercial Turkey Meat Bird,79500
Mesa,Colorado,9/29/2022,WOAH Non-Poultry,40
Sanpete,Utah,9/29/2022,Commercial Turkey Meat Bird,19900
Sanpete,Utah,9/28/2022,Commercial Turkey Meat Bird,24400
Racine,Wisconsin,9/28/2022,Commercial Duck Meat Bird,10000
Tillamook,Oregon,9/28/2022,WOAH Non-Poultry,10
Tillamook,Oregon,9/28/2022,WOAH Non-Poultry,40
Lincoln,Idaho,9/27/2024,WOAH Poultry,700
Ransom,North Dakota,9/27/2022,Commercial Turkey Meat Bird,69100
Sanpete,Utah,9/27/2022,Commercial Turkey Meat Bird,36700
Sanpete,Utah,9/27/2022,Commercial Turkey Meat Bird,127200
Goodhue,Minnesota,9/27/2022,WOAH Non-Poultry,80
Mcpherson,South Dakota,9/24/2022,Commercial Turkey Meat Bird,56900
Dallas,Texas,9/24/2022,WOAH Non-Poultry,60
Kent,Delaware,9/24/2022,WOAH Non-Poultry,30
Kent,Delaware,9/24/2022,WOAH Non-Poultry,10
Merrimack,New Hampshire,9/23/2022,WOAH Poultry,250
Anne Arundel,Maryland,9/22/2022,WOAH Non-Poultry,4
Ward,North Dakota,9/22/2022,WOAH Poultry,60
Kingsbury,South Dakota,9/22/2022,WOAH Non-Poultry,250
Todd,Minnesota,9/22/2022,WOAH Non-Poultry,50
Weld,Colorado,9/21/2022,Commercial Table Egg Layer,1150000
Gooding,Idaho,9/21/2022,Commercial Upland Gamebird Producer,9000
Roseau,Minnesota,9/21/2022,Commercial Turkey Meat Bird,116000
Otter Tail,Minnesota,9/21/2022,Commercial Turkey Meat Bird,5900
Sanpete,Utah,9/21/2022,Commercial Turkey Meat Bird,11100
Washington,Pennsylvania,9/20/2022,WOAH Poultry,1800
Brown,Minnesota,9/20/2022,Commercial Turkey Meat Bird,43000
Stearns,Minnesota,9/20/2022,Commercial Turkey Meat Bird,64600
Clark,South Dakota,9/20/2022,Commercial Turkey Meat Bird,41700
Sanpete,Utah,9/20/2022,Commercial Turkey Meat Bird,73200
Fresno,California,9/20/2022,WOAH Non-Poultry,100
Clark,South Dakota,9/20/2022,Commercial Turkey Meat Bird,23900
Macomb,Michigan,9/19/2022,WOAH Non-Poultry,40
Dawes,Nebraska,9/19/2022,WOAH Non-Poultry,40
Orange,Florida,9/18/2024,Live Bird Market,2500
Merced,California,9/18/2024,Commercial Turkey Meat Bird,64800
Pierce,Washington,9/16/2022,WOAH Non-Poultry,30
Union,New Jersey,9/15/2023,Live Bird Market,520
Fresno,California,9/15/2022,Commercial Broiler Breeder,15900
Teton,Montana,9/15/2022,WOAH Poultry,2800
Bristol,Massachusetts,9/15/2022,WOAH Non-Poultry,50
Summit,Ohio,9/15/2022,WOAH Non-Poultry,6
Obion,Tennessee,9/15/2022,WOAH Poultry,130
Allen,Ohio,9/14/2022,WOAH Non-Poultry,2
Isanti,Minnesota,9/14/2022,WOAH Non-Poultry,4
Otter Tail,Minnesota,9/14/2022,Commercial Turkey Breeder Hens,7900
Meeker,Minnesota,9/14/2022,Commercial Turkey Meat Bird,61400
Williams,Ohio,9/14/2022,WOAH Non-Poultry,60
Sanpete,Utah,9/13/2022,Commercial Turkey Meat Bird,5800
Ingham,Michigan,9/13/2022,WOAH Poultry,20
Freeborn,Minnesota,9/13/2022,WOAH Non-Poultry,320
Stearns,Minnesota,9/13/2022,Commercial Turkey Meat Bird,69400
Brown,Minnesota,9/13/2022,Commercial Turkey Meat Bird,43700
Twin Falls,Idaho,9/12/2022,WOAH Non-Poultry,40
Becker,Minnesota,9/9/2022,Commercial Turkey Breeder Hens,17100
El Dorado,California,9/9/2022,WOAH Non-Poultry,150
Fresno,California,9/9/2022,Commercial Broiler Breeder,23900
Meeker,Minnesota,9/8/2022,Commercial Turkey Meat Bird,34200
Morrison,Minnesota,9/7/2022,Commercial Turkey Meat Bird,50200
Defiance,Ohio,9/3/2022,Commercial Table Egg Layer,3748500
Ashland,Ohio,9/3/2022,WOAH Non-Poultry,640
Washington,Wisconsin,9/2/2022,WOAH Poultry,120
Elkhart,Indiana,9/1/2022,WOAH Poultry,260
Fresno,California,9/1/2022,Commercial Broiler Breeder,22900
Hennepin,Minnesota,9/1/2022,WOAH Non-Poultry,10
Cass,North Dakota,9/1/2022,WOAH Non-Poultry,6
Tuolumne,California,9/1/2022,Commercial Turkey Meat Bird,30800
Sacramento,California,9/1/2022,WOAH Non-Poultry,20
Tuolumne,California,8/30/2022,Commercial Turkey Meat Bird,91000
Tuolumne,California,8/30/2022,Commercial Turkey Meat Bird,7400
Meeker,Minnesota,8/30/2022,Commercial Turkey Meat Bird,126400
Meeker,Minnesota,8/30/2022,Commercial Turkey Meat Bird,52000
Sacramento,California,8/30/2022,Commercial Turkey Meat Bird,97000
Caroline,Virginia,8/29/2022,WOAH Non-Poultry,110
Fresno,California,8/26/2022,Commercial Broiler Breeder,34800
Cowlitz,Washington,8/26/2022,WOAH Non-Poultry,20
Tuolumne,California,8/26/2022,Commercial Turkey Meat Bird,161700
Pierce,Washington,8/25/2022,WOAH Non-Poultry,70
Weber,Utah,8/24/2022,WOAH Non-Poultry,20
Contra Costa,California,8/23/2022,WOAH Non-Poultry,60
Fresno,California,8/22/2022,Commercial Broiler Breeder,33900
Henry,Georgia,8/22/2022,WOAH Non-Poultry,80
Hillsborough,Florida,8/20/2024,Live Bird Market,880
Kitsap,Washington,8/19/2022,WOAH Non-Poultry,10
Walla Walla,Washington,8/18/2022,WOAH Non-Poultry,2
Butte,California,8/16/2022,WOAH Non-Poultry,1100
Osceola,Florida,8/16/2022,WOAH Non-Poultry,10
Northampton,Pennsylvania,8/11/2022,WOAH Poultry,90
Sacramento,California,8/10/2022,WOAH Non-Poultry,40
Miami-dade,Florida,8/5/2024,WOAH Poultry,5400
Kings,New York,8/3/2023,Live Bird Market,800
Bethel,Alaska,8/2/2022,WOAH Non-Poultry,20
Kings,New York,7/28/2023,Live Bird Market,490
Coos,Oregon,7/28/2022,WOAH Non-Poultry,20
Flathead,Montana,7/26/2022,WOAH Non-Poultry,7
Sanpete,Utah,7/26/2022,Commercial Turkey Meat Bird,12700
Jefferson,Washington,7/26/2022,WOAH Non-Poultry,80
Kings,New York,7/25/2023,Live Bird Market,570
Hendry,Florida,7/24/2024,WOAH Non-Poultry,5
Deschutes,Oregon,7/22/2022,WOAH Non-Poultry,120
Deschutes,Oregon,7/22/2022,WOAH Non-Poultry,90
Deschutes,Oregon,7/21/2022,WOAH Poultry,60
Seminole,Florida,7/21/2022,WOAH Non-Poultry,160
Weld,Colorado,7/19/2024,Commercial Table Egg Pullets,300800
Miami-dade,Florida,7/19/2024,Live Bird Market,320
Miami-dade,Florida,7/19/2024,Live Bird Market,390
Miami-dade,Florida,7/19/2024,Live Bird Market,80
Sanpete,Utah,7/19/2022,Commercial Turkey Meat Bird,23300
Snohomish,Washington,7/19/2022,WOAH Poultry,340
Deschutes,Oregon,7/19/2022,WOAH Poultry,100
Weld,Colorado,7/16/2024,Commercial Table Egg Layer,1313800
Deschutes,Oregon,7/15/2022,WOAH Poultry,60
Sanpete,Utah,7/14/2022,Commercial Turkey Meat Bird,15500
Deschutes,Oregon,7/12/2022,WOAH Poultry,100
Twin Falls,Idaho,7/11/2024,WOAH Non-Poultry,30
Kandiyohi,Minnesota,7/9/2024,Commercial Turkey Breeder Hens,21900
Renville,Minnesota,7/9/2024,Commercial Turkey Breeder Hens,15400
Kandiyohi,Minnesota,7/9/2024,Commercial Turkey Breeder Toms,4200
Weld,Colorado,7/8/2024,Commercial Table Egg Layer,1790800
Carson City,Nevada,7/7/2022,WOAH Non-Poultry,40
Linn,Oregon,7/6/2022,WOAH Non-Poultry,40
Jefferson,Washington,7/6/2022,WOAH Non-Poultry,20
King,Washington,7/1/2022,WOAH Poultry,220
Salt Lake,Utah,7/1/2022,WOAH Non-Poultry,20
Kitsap,Washington,7/1/2022,WOAH Non-Poultry,6
Yakima,Washington,6/29/2022,WOAH Non-Poultry,6
Cumberland,Maine,6/29/2022,WOAH Non-Poultry,20
Swift,Minnesota,6/27/2024,Commercial Turkey Meat Bird,25300
Morgan,Colorado,6/27/2024,WOAH Non-Poultry,40
Otter Tail,Minnesota,6/27/2024,Commercial Turkey Meat Bird,67400
Larimer,Colorado,6/26/2024,WOAH Non-Poultry,10
Stearns,Minnesota,6/24/2024,WOAH Non-Poultry,310
Pierce,Washington,6/24/2022,WOAH Non-Poultry,50
Yakima,Washington,6/22/2022,WOAH Non-Poultry,90
Snohomish,Washington,6/22/2022,WOAH Non-Poultry,200
King,Washington,6/22/2022,WOAH Non-Poultry,9
King,Washington,6/22/2022,WOAH Non-Poultry,3
Sac,Iowa,6/21/2024,Commercial Turkey Meat Bird,46100
Swift,Minnesota,6/18/2024,Commercial Turkey Meat Bird,113600
Pipestone,Minnesota,6/18/2024,Commercial Turkey Meat Bird,70800
Yakima,Washington,6/14/2022,WOAH Non-Poultry,30
Stearns,Minnesota,6/13/2024,Commercial Turkey Meat Bird,32900
Salt Lake,Utah,6/13/2022,WOAH Non-Poultry,70
Lyon,Minnesota,6/12/2024,Commercial Turkey Meat Bird,89500
Jerome,Idaho,6/10/2024,WOAH Non-Poultry,30
Yakima,Washington,6/9/2022,WOAH Non-Poultry,70
Snohomish,Washington,6/9/2022,WOAH Non-Poultry,9
Weld,Colorado,6/9/2022,Commercial Table Egg Pullets,205000
Allen,Indiana,6/9/2022,WOAH Non-Poultry,40
Snohomish,Washington,6/9/2022,WOAH Non-Poultry,30
Polk,Oregon,6/8/2022,WOAH Non-Poultry,90
King,Washington,6/7/2022,WOAH Poultry,50
Allen,Indiana,6/7/2022,WOAH Poultry,110
Weld,Colorado,6/7/2022,Commercial Table Egg Layer,1936800
Mchenry,North Dakota,6/6/2022,WOAH Poultry,30
Cherokee,Iowa,6/3/2024,Commercial Turkey Meat Bird,100000
Snohomish,Washington,6/2/2022,WOAH Non-Poultry,30
Berks,Pennsylvania,6/2/2022,Commercial Duck Meat Bird,30100
Toombs,Georgia,6/1/2022,WOAH Non-Poultry,490
Richland,South Carolina,5/31/2024,WOAH Non-Poultry,30
Stearns,Minnesota,5/31/2024,Commercial Turkey Meat Bird,43000
Becker,Minnesota,5/31/2022,WOAH Non-Poultry,40
Stearns,Minnesota,5/29/2024,Commercial Turkey Meat Bird,32400
Sioux,Iowa,5/28/2024,Commercial Table Egg Layer,4287400
Snohomish,Washington,5/27/2022,WOAH Non-Poultry,40
King,Washington,5/25/2022,WOAH Non-Poultry,20
King,Washington,5/24/2022,WOAH Non-Poultry,180
King,Washington,5/24/2022,WOAH Non-Poultry,7
Ada,Idaho,5/24/2022,WOAH Non-Poultry,30
Bayfield,Wisconsin,5/23/2022,WOAH Non-Poultry,40
Berks,Pennsylvania,5/23/2022,Commercial Duck Breeder,4700
Stearns,Minnesota,5/21/2024,Commercial Turkey Meat Bird,7000
Meeker,Minnesota,5/21/2024,Commercial Table Egg Layer,1368800
Stearns,Minnesota,5/21/2024,Commercial Turkey Meat Bird,17100
Stearns,Minnesota,5/21/2024,Commercial Turkey Breeder Hens,6800
Morrison,Minnesota,5/21/2024,Commercial Turkey Meat Bird,51900
Dakota,Minnesota,5/21/2022,Commercial Turkey Meat Bird,54400
Jerome,Idaho,5/20/2024,WOAH Poultry,80
Codington,South Dakota,5/20/2022,WOAH Poultry,80
Campbell,Wyoming,5/20/2022,WOAH Non-Poultry,30
Polk,Minnesota,5/20/2022,WOAH Non-Poultry,50
Ada,Idaho,5/20/2022,WOAH Non-Poultry,7
Canyon,Idaho,5/19/2022,WOAH Non-Poultry,10
Allen,Indiana,5/19/2022,WOAH Non-Poultry,7
Ada,Idaho,5/19/2022,WOAH Non-Poultry,30
Jefferson,Colorado,5/19/2022,WOAH Non-Poultry,10
Ada,Idaho,5/19/2022,WOAH Poultry,70
Canyon,Idaho,5/19/2022,WOAH Non-Poultry,10
Rowan,North Carolina,5/18/2023,WOAH Non-Poultry,30
Phelps,Missouri,5/18/2023,WOAH Non-Poultry,80
Berks,Pennsylvania,5/18/2022,Commercial Duck Breeder,7200
Clay,Minnesota,5/18/2022,WOAH Non-Poultry,20
Ada,Idaho,5/18/2022,WOAH Non-Poultry,6
Canyon,Idaho,5/18/2022,WOAH Non-Poultry,10
Canyon,Idaho,5/18/2022,WOAH Poultry,160
Canyon,Idaho,5/18/2022,WOAH Poultry,6
Kandiyohi,Minnesota,5/18/2022,Commercial Turkey Breeder Toms,4700
Salt Lake,Utah,5/17/2022,WOAH Non-Poultry,30
Berks,Pennsylvania,5/17/2022,Commercial Table Egg Layer,79000
Ada,Idaho,5/17/2022,WOAH Poultry,9
Lane,Oregon,5/17/2022,WOAH Poultry,450
Boone,Illinois,5/17/2022,WOAH Non-Poultry,20
Ada,Idaho,5/17/2022,WOAH Non-Poultry,20
Canyon,Idaho,5/17/2022,WOAH Poultry,30
Canyon,Idaho,5/17/2022,WOAH Poultry,30
Burke,North Dakota,5/17/2022,WOAH Non-Poultry,50
Thurston,Washington,5/17/2022,WOAH Non-Poultry,410
Canyon,Idaho,5/17/2022,WOAH Non-Poultry,50
Monmouth,New Jersey,5/17/2022,WOAH Poultry,60
Dunn,Wisconsin,5/16/2022,WOAH Non-Poultry,150
Berks,Pennsylvania,5/14/2022,Commercial Table Egg Breeder,83700
Marinette,Wisconsin,5/13/2022,WOAH Non-Poultry,90
Sheridan,Wyoming,5/13/2022,WOAH Non-Poultry,20
Canyon,Idaho,5/13/2022,WOAH Non-Poultry,9
Barron,Wisconsin,5/13/2022,Commercial Turkey Meat Bird,10500
Lincoln,Wyoming,5/13/2022,WOAH Non-Poultry,40
Ada,Idaho,5/13/2022,WOAH Non-Poultry,60
Grant,Minnesota,5/12/2022,WOAH Non-Poultry,310
Chisago,Minnesota,5/12/2022,WOAH Non-Poultry,40
Ada,Idaho,5/12/2022,WOAH Non-Poultry,10
Okanogan,Washington,5/12/2022,WOAH Non-Poultry,20
Whatcom,Washington,5/12/2022,WOAH Non-Poultry,80
Nobles,Minnesota,5/11/2023,WOAH Non-Poultry,100
Ada,Idaho,5/11/2022,WOAH Non-Poultry,4
Clallam,Washington,5/11/2022,WOAH Non-Poultry,10
Clallam,Washington,5/11/2022,WOAH Non-Poultry,10
Chisago,Minnesota,5/11/2022,WOAH Poultry,160
Pierce,Washington,5/11/2022,WOAH Non-Poultry,20
Cache,Utah,5/11/2022,WOAH Non-Poultry,20
Jerome,Idaho,5/10/2024,WOAH Non-Poultry,20
Jerome,Idaho,5/10/2024,WOAH Poultry,1100
Ionia,Michigan,5/10/2024,WOAH Non-Poultry,90
Berks,Pennsylvania,5/10/2022,Commercial Duck Breeder,23800
Crow Wing,Minnesota,5/10/2022,WOAH Poultry,150
Todd,Minnesota,5/10/2022,WOAH Non-Poultry,50
Muskegon,Michigan,5/10/2022,Commercial Turkey Meat Bird,35100
Ada,Idaho,5/10/2022,WOAH Poultry,70
Pierce,Washington,5/10/2022,WOAH Non-Poultry,20
Lancaster,Pennsylvania,5/10/2022,Commercial Table Egg Layer,72300
Berks,Pennsylvania,5/10/2022,Commercial Duck Meat Bird,37300
San Francisco,California,5/9/2024,Live Bird Market,700
Canyon,Idaho,5/9/2022,WOAH Poultry,50
Barron,Wisconsin,5/7/2022,Commercial Turkey Meat Bird,20100
Spokane,Washington,5/7/2022,WOAH Non-Poultry,80
Cassia,Idaho,5/6/2024,WOAH Non-Poultry,600
Oakland,Michigan,5/6/2022,WOAH Non-Poultry,50
Fergus,Montana,5/6/2022,WOAH Non-Poultry,20
Anoka,Minnesota,5/6/2022,WOAH Non-Poultry,10
Posey,Indiana,5/5/2023,WOAH Non-Poultry,20
Pacific,Washington,5/5/2022,WOAH Poultry,40
Pierce,Wisconsin,5/5/2022,WOAH Non-Poultry,30
Linn,Oregon,5/5/2022,WOAH Non-Poultry,90
Day,South Dakota,5/4/2022,WOAH Poultry,80
Bremer,Iowa,5/4/2022,WOAH Non-Poultry,50
Hamlin,South Dakota,5/4/2022,WOAH Non-Poultry,20
Carver,Minnesota,5/4/2022,WOAH Non-Poultry,30
Fond Du Lac,Wisconsin,5/3/2022,WOAH Non-Poultry,20
Barron,Wisconsin,5/3/2022,Commercial Turkey Meat Bird,46700
Barron,Wisconsin,5/3/2022,Commercial Turkey Meat Bird,19300
Berks,Pennsylvania,5/3/2022,Commercial Duck Meat Bird,74300
Polk,Wisconsin,5/3/2022,WOAH Non-Poultry,120
Chisago,Minnesota,5/3/2022,WOAH Non-Poultry,30
Lyon,Minnesota,5/3/2022,Commercial Turkey Meat Bird,120300
Beadle,South Dakota,5/3/2022,Commercial Turkey Meat Bird,56200
Sauk,Wisconsin,5/3/2022,WOAH Non-Poultry,40
Kane,Illinois,5/3/2022,WOAH Non-Poultry,50
Berks,Pennsylvania,5/3/2022,Commercial Duck Breeder,29600
Gratiot,Michigan,5/2/2024,Commercial Turkey Meat Bird,26400
Dodge,Minnesota,5/2/2024,Commercial Breeder Operation,14100
Clay,Florida,4/30/2024,WOAH Non-Poultry,20
Morrison,Minnesota,4/30/2022,WOAH Non-Poultry,50
Chisago,Minnesota,4/30/2022,WOAH Non-Poultry,30
Chisago,Minnesota,4/30/2022,WOAH Non-Poultry,60
Sequoyah,Oklahoma,4/30/2022,Commercial Broiler Breeder,13800
Branch,Michigan,4/30/2022,WOAH Non-Poultry,20
Weld,Colorado,4/29/2022,Commercial Table Egg Layer,1366200
Gallatin,Montana,4/29/2022,WOAH Non-Poultry,20
Fergus,Montana,4/29/2022,WOAH Non-Poultry,110
Washington,Nebraska,4/29/2022,WOAH Non-Poultry,50
Oconto,Wisconsin,4/29/2022,WOAH Non-Poultry,220
Pondera,Montana,4/29/2022,WOAH Non-Poultry,2000
Lancaster,Pennsylvania,4/29/2022,Commercial Duck Meat Bird,19300
Barron,Wisconsin,4/29/2022,WOAH Non-Poultry,150
Stearns,Minnesota,4/29/2022,Commercial Turkey Breeder Hens,9600
Matanuska Susitna,Alaska,4/29/2022,WOAH Non-Poultry,30
Wexford,Michigan,4/28/2022,WOAH Poultry,70
Barron,Wisconsin,4/28/2022,Commercial Turkey Meat Bird,110700
Swift,Minnesota,4/28/2022,WOAH Non-Poultry,20
Carver,Minnesota,4/28/2022,WOAH Non-Poultry,20
Caledonia,Vermont,4/28/2022,WOAH Non-Poultry,30
Johnson,Indiana,4/28/2022,WOAH Non-Poultry,40
Saginaw,Michigan,4/27/2022,WOAH Non-Poultry,80
Republic,Kansas,4/27/2022,WOAH Poultry,110
Lancaster,Pennsylvania,4/27/2022,Commercial Broiler Breeder Pullets,18100
Knox,Nebraska,4/27/2022,Commercial Table Egg Layer,2118000
Gratiot,Michigan,4/26/2024,Commercial Turkey Meat Bird,27700
Richland,North Dakota,4/26/2022,WOAH Poultry,20
Kossuth,Iowa,4/26/2022,WOAH Non-Poultry,4
Lancaster,Pennsylvania,4/26/2022,Commercial Table Egg Layer,307400
Missoula,Montana,4/26/2022,WOAH Non-Poultry,70
Cassia,Idaho,4/25/2024,WOAH Non-Poultry,40
Stearns,Minnesota,4/25/2022,Commercial Turkey Meat Bird,14600
Menominee,Michigan,4/25/2022,WOAH Non-Poultry,40
Cache,Utah,4/25/2022,Commercial Table Egg Layer,1501200
Rice,Minnesota,4/25/2022,WOAH Non-Poultry,90
Ottawa,Michigan,4/24/2024,Commercial Turkey Meat Bird,104000
Routt,Colorado,4/24/2023,WOAH Non-Poultry,20
Polk,Wisconsin,4/23/2022,WOAH Non-Poultry,40
Swift,Minnesota,4/22/2022,Commercial Turkey Meat Bird,127400
Yellow Medicine,Minnesota,4/22/2022,Commercial Turkey Meat Bird,49500
Otter Tail,Minnesota,4/22/2022,Commercial Turkey Meat Bird,27300
Lancaster,Pennsylvania,4/22/2022,Commercial Broiler Production,50300
Todd,Minnesota,4/21/2022,Commercial Turkey Meat Bird,37000
Todd,Minnesota,4/21/2022,Commercial Turkey Meat Bird,19700
Bremer,Iowa,4/21/2022,Commercial Turkey Meat Bird,29200
Richland,North Dakota,4/21/2022,Commercial Turkey Meat Bird,27500
Renville,North Dakota,4/21/2022,WOAH Non-Poultry,70
Morrison,Minnesota,4/21/2022,Commercial Turkey Meat Bird,40900
Madison,Idaho,4/20/2022,WOAH Poultry,200
Lancaster,Pennsylvania,4/20/2022,Commercial Table Egg Layer,879400
Stearns,Minnesota,4/20/2022,Commercial Turkey Meat Bird,72000
Elkhart,Indiana,4/20/2022,Commercial Duck Meat Bird,6600
Lancaster,Pennsylvania,4/20/2022,Commercial Table Egg Layer,1127700
Todd,Minnesota,4/20/2022,Commercial Turkey Meat Bird,30300
Stearns,Minnesota,4/20/2022,Commercial Turkey Meat Bird,62800
Glacier,Montana,4/20/2022,WOAH Poultry,54200
Todd,Minnesota,4/20/2022,Commercial Turkey Meat Bird,30100
Beadle,South Dakota,4/19/2023,Commercial Turkey Meat Bird,75800
Dickey,North Dakota,4/19/2023,Commercial Turkey Meat Bird,58500
Kandiyohi,Minnesota,4/19/2022,Commercial Turkey Meat Bird,35700
Morrison,Minnesota,4/19/2022,Commercial Turkey Meat Bird,17600
Meeker,Minnesota,4/19/2022,Commercial Turkey Meat Bird,53000
Gooding,Idaho,4/19/2022,WOAH Non-Poultry,80
Morrison,Minnesota,4/19/2022,Commercial Turkey Meat Bird,47700
Kandiyohi,Minnesota,4/19/2022,Commercial Turkey Meat Bird,38700
Montrose,Colorado,4/19/2022,Commercial Broiler Breeder,58000
La Plata,Colorado,4/19/2022,WOAH Poultry,40
Morrison,Minnesota,4/19/2022,Commercial Turkey Meat Bird,58100
Swift,Minnesota,4/19/2022,Commercial Turkey Meat Bird,31600
Otter Tail,Minnesota,4/19/2022,Commercial Turkey Meat Bird,29700
Stutsman,North Dakota,4/19/2022,WOAH Poultry,20
Kings,New York,4/18/2023,Live Bird Market,1400
Roosevelt,New Mexico,4/17/2024,Commercial Breeder (Multiple Bird Species),51800
Newaygo,Michigan,4/17/2024,Commercial Turkey Meat Bird,67200
Bonneville,Idaho,4/17/2023,WOAH Non-Poultry,40
Moffat,Colorado,4/17/2023,WOAH Non-Poultry,80
Putnam,New York,4/17/2023,WOAH Poultry,110
Ionia,Michigan,4/16/2024,Commercial Table Egg Layer,2422700
Menominee,Michigan,4/16/2022,WOAH Non-Poultry,30
Roosevelt,New Mexico,4/15/2024,Commercial Breeder (Multiple Bird Species),15900
Miami-dade,Florida,4/15/2024,Live Bird Market,90
Livingston,Michigan,4/15/2022,WOAH Non-Poultry,20
Macomb,Michigan,4/15/2022,WOAH Non-Poultry,40
Polk,Wisconsin,4/15/2022,Commercial Turkey Meat Bird,22000
Utah,Utah,4/15/2022,WOAH Non-Poultry,7
Lancaster,Pennsylvania,4/15/2022,Commercial Table Egg Layer,1380500
Rosebud,Montana,4/14/2023,WOAH Non-Poultry,0
Sheridan,Nebraska,4/14/2023,WOAH Non-Poultry,10
Columbia,Wisconsin,4/14/2022,WOAH Non-Poultry,70
Meeker,Minnesota,4/14/2022,Commercial Turkey Meat Bird,73200
Gooding,Idaho,4/14/2022,WOAH Poultry,20
Caribou,Idaho,4/14/2022,WOAH Non-Poultry,7
Blue Earth,Minnesota,4/14/2022,Commercial Turkey Meat Bird,26400
Lamoure,North Dakota,4/14/2022,WOAH Non-Poultry,10
Elkhart,Indiana,4/14/2022,Commercial Duck Breeder,6400
Sheboygan,Wisconsin,4/14/2022,WOAH Non-Poultry,20
Otter Tail,Minnesota,4/13/2022,Commercial Turkey Meat Bird,35700
Menominee,Michigan,4/13/2022,WOAH Poultry,350
Barnes,North Dakota,4/13/2022,WOAH Poultry,90
Waseca,Minnesota,4/13/2022,Commercial Turkey Meat Bird,20300
Mcpherson,Kansas,4/13/2022,Commercial Turkey Breeder Hens,6900
Blue Earth,Minnesota,4/13/2022,Commercial Turkey Meat Bird,22700
Benton,Minnesota,4/13/2022,WOAH Non-Poultry,7
Deuel,South Dakota,4/13/2022,Commercial Upland Gamebird Producer,1400
Roosevelt,New Mexico,4/12/2024,Commercial Breeder (Multiple Bird Species),61500
Pueblo,Colorado,4/12/2023,WOAH Non-Poultry,30
Modoc,California,4/12/2023,WOAH Non-Poultry,60
Putnam,New York,4/12/2023,WOAH Poultry,200
Dixon,Nebraska,4/12/2022,Commercial Table Egg Layer,1746900
Morrison,Minnesota,4/12/2022,Commercial Turkey Meat Bird,37600
Morrison,Minnesota,4/12/2022,Commercial Table Egg Layer,216200
Yellow Medicine,Minnesota,4/12/2022,Commercial Turkey Meat Bird,44800
Kandiyohi,Minnesota,4/12/2022,Commercial Turkey Meat Bird,37100
Toole,Montana,4/12/2022,WOAH Non-Poultry,20
Wayne,North Carolina,4/12/2022,Commercial Broiler Production,89700
Benton,Minnesota,4/12/2022,WOAH Non-Poultry,130
Barron,Wisconsin,4/12/2022,Commercial Turkey Meat Bird,46500
Morrison,Minnesota,4/12/2022,Commercial Broiler Production,42900
Sheridan,North Dakota,4/12/2022,WOAH Non-Poultry,30
Meeker,Minnesota,4/11/2024,Commercial Turkey Meat Bird,68500
Menominee,Michigan,4/11/2022,WOAH Non-Poultry,70
Grant,Kansas,4/10/2024,WOAH Poultry,17700
Mitchell,Kansas,4/10/2023,WOAH Non-Poultry,30
Ionia,Michigan,4/9/2024,Commercial Table Egg Layer,2147500
Stearns,Minnesota,4/9/2022,Commercial Turkey Meat Bird,26100
Swift,Minnesota,4/9/2022,Commercial Turkey Meat Bird,130900
Le Sueur,Minnesota,4/9/2022,Commercial Turkey Meat Bird,37800
Yankton,South Dakota,4/9/2022,Commercial Turkey Meat Bird,76100
Pitkin,Colorado,4/8/2022,WOAH Poultry,30
Elkhart,Indiana,4/8/2022,Commercial Duck Breeder,4700
Renville,Minnesota,4/8/2022,Commercial Turkey Meat Bird,76400
Clark,South Dakota,4/8/2022,Commercial Turkey Meat Bird,38700
Otter Tail,Minnesota,4/8/2022,Commercial Turkey Meat Bird,29900
Stutsman,North Dakota,4/8/2022,WOAH Poultry,40
Edmunds,South Dakota,4/8/2022,Commercial Turkey Meat Bird,36400
Wayne,North Carolina,4/7/2022,Commercial Turkey Meat Bird,18500
Judith Basin,Montana,4/7/2022,WOAH Non-Poultry,20
Kandiyohi,Minnesota,4/7/2022,Commercial Turkey Breeder Hens,20800
Racine,Wisconsin,4/7/2022,WOAH Poultry,220
Cascade,Montana,4/7/2022,WOAH Poultry,22000
Fulton,New York,4/6/2022,WOAH Non-Poultry,4
Dade,Missouri,4/6/2022,Commercial Turkey Meat Bird,14000
Park,Wyoming,4/6/2022,WOAH Non-Poultry,100
Wayne,North Carolina,4/6/2022,Commercial Broiler Production,65600
Waseca,Minnesota,4/6/2022,Commercial Turkey Meat Bird,17900
Mcpherson,South Dakota,4/6/2022,Commercial Turkey Meat Bird,45900
Wayne,North Carolina,4/6/2022,Commercial Broiler Production,216000
Queens,New York,4/5/2023,Live Bird Market,1300
Waseca,Minnesota,4/5/2022,Commercial Turkey Meat Bird,25500
Clark,South Dakota,4/5/2022,Commercial Turkey Meat Bird,24000
Morrison,Minnesota,4/5/2022,Commercial Turkey Meat Bird,26200
Meeker,Minnesota,4/5/2022,Commercial Turkey Meat Bird,128500
Orleans,New York,4/5/2022,WOAH Poultry,30
Beadle,South Dakota,4/5/2022,Commercial Turkey Meat Bird,55600
Spink,South Dakota,4/5/2022,Commercial Turkey Meat Bird,26300
Lawrence,Missouri,4/5/2022,Commercial Turkey Meat Bird,27600
Wayne,North Carolina,4/5/2022,Commercial Turkey Meat Bird,14200
Big Stone,Minnesota,4/5/2022,Commercial Turkey Meat Bird,49500
Morrison,Minnesota,4/5/2022,Commercial Turkey Meat Bird,105300
Stearns,Minnesota,4/5/2022,Commercial Turkey Meat Bird,40800
Hardin,Iowa,4/5/2022,Commercial Turkey Meat Bird,46000
Faulk,South Dakota,4/5/2022,Commercial Turkey Meat Bird,48000
Waldo,Maine,4/5/2022,WOAH Non-Poultry,50
Scotts Bluff,Nebraska,4/5/2022,WOAH Non-Poultry,30
Cass,North Dakota,4/5/2022,WOAH Non-Poultry,110
Sheridan,Wyoming,4/5/2022,WOAH Non-Poultry,50
Mcpherson,South Dakota,4/4/2022,Commercial Turkey Meat Bird,61000
Becker,Minnesota,4/4/2022,Commercial Turkey Meat Bird,44700
Kandiyohi,Minnesota,4/4/2022,Commercial Turkey Breeder Hens,20400
Lamoure,North Dakota,4/4/2022,Commercial Turkey Meat Bird,50900
Kandiyohi,Minnesota,4/4/2022,Commercial Turkey Meat Bird,38500
Kandiyohi,Minnesota,4/4/2022,Commercial Turkey Breeder Hens,48500
Hamilton,Iowa,4/4/2022,Commercial Turkey Poult Supplier,8100
Morrison,Minnesota,4/4/2022,Commercial Turkey Meat Bird,32400
Le Sueur,Minnesota,4/3/2023,WOAH Non-Poultry,100
Le Sueur,Minnesota,4/3/2022,Commercial Turkey Meat Bird,19600
Erath,Texas,4/3/2022,Commercial Upland Gamebird Producer,1700
Dodge,Minnesota,4/3/2022,Commercial Turkey Meat Bird,20000
Ionia,Michigan,4/2/2024,Commercial Table Egg Layer,1928500
Parmer,Texas,4/2/2024,Commercial Table Egg Layer,1894100
Humboldt,Iowa,4/2/2022,Commercial Table Egg Breeder,15300
Johnston,North Carolina,4/2/2022,Commercial Turkey Meat Bird,9500
Johnston,North Carolina,4/2/2022,Commercial Turkey Meat Bird,18900
Stearns,Minnesota,4/2/2022,Commercial Turkey Meat Bird,27600
Sac,Iowa,4/2/2022,Commercial Turkey Meat Bird,37200
Lamoure,North Dakota,4/2/2022,Commercial Turkey Meat Bird,27400
Spink,South Dakota,4/2/2022,Commercial Turkey Meat Bird,41800
Wayne,North Carolina,4/2/2022,Commercial Turkey Meat Bird,16900
Lake,South Dakota,4/2/2022,Commercial Turkey Meat Bird,59000
Dickey,North Dakota,4/1/2022,Commercial Turkey Meat Bird,60700
Edmunds,South Dakota,4/1/2022,Commercial Turkey Breeder Replacement Hens,30600
Rock,Wisconsin,4/1/2022,WOAH Non-Poultry,20
Charles Mix,South Dakota,4/1/2022,Commercial Turkey Meat Bird,81500
Fremont,Wyoming,4/1/2022,WOAH Non-Poultry,50
Jasper,Missouri,4/1/2022,Commercial Turkey Meat Bird,35300
Dickey,North Dakota,3/31/2022,WOAH Poultry,30
Cherokee,Iowa,3/31/2022,Commercial Turkey Meat Bird,88000
Stearns,Minnesota,3/31/2022,WOAH Non-Poultry,150
Osceola,Iowa,3/31/2022,Commercial Table Egg Layer,5011700
Morrison,Minnesota,3/31/2022,Commercial Turkey Meat Bird,52600
Carroll,Illinois,3/31/2022,WOAH Non-Poultry,40
Mcpherson,South Dakota,3/31/2022,Commercial Turkey Breeder Hens,26000
Umatilla,Oregon,3/30/2023,WOAH Non-Poultry,50
Buena Vista,Iowa,3/30/2022,Commercial Turkey Meat Bird,35600
Lincoln,Maine,3/30/2022,WOAH Non-Poultry,3
Brule,South Dakota,3/30/2022,Commercial Turkey Meat Bird,55100
Park,Wyoming,3/30/2022,WOAH Non-Poultry,40
Johnston,North Carolina,3/29/2022,Commercial Turkey Meat Bird,32100
Franklin,Ohio,3/29/2022,WOAH Non-Poultry,8
Kandiyohi,Minnesota,3/29/2022,Commercial Turkey Meat Bird,39500
Berkshire,Massachusetts,3/29/2022,WOAH Non-Poultry,260
Johnson,Wyoming,3/29/2022,WOAH Non-Poultry,40
Spink,South Dakota,3/29/2022,Commercial Turkey Meat Bird,45900
Bon Homme,South Dakota,3/29/2022,Commercial Turkey Meat Bird,48200
Edmunds,South Dakota,3/29/2022,Commercial Turkey Breeder Hens,21900
Monroe,New York,3/29/2022,WOAH Poultry,400
Kidder,North Dakota,3/29/2022,WOAH Poultry,30
Lac Qui Parle,Minnesota,3/29/2022,Commercial Turkey Meat Bird,22500
Knox,Maine,3/29/2022,WOAH Non-Poultry,40
Guilford,North Carolina,3/28/2024,WOAH Non-Poultry,80
Yuma,Colorado,3/28/2023,WOAH Poultry,310
Guthrie,Iowa,3/28/2022,Commercial Table Egg Layer,1460000
Hamilton,Iowa,3/28/2022,Commercial Turkey Meat Bird,25800
Hutchinson,South Dakota,3/27/2022,Commercial Turkey Meat Bird,39200
Mcpherson,South Dakota,3/27/2022,Commercial Turkey Meat Bird,43900
Clark,South Dakota,3/27/2022,Commercial Turkey Meat Bird,43100
Stearns,Minnesota,3/26/2022,Commercial Turkey Meat Bird,23500
Mower,Minnesota,3/26/2022,WOAH Non-Poultry,20
Holt,Nebraska,3/26/2022,WOAH Non-Poultry,50
Washington,Maine,3/26/2022,WOAH Non-Poultry,20
Bon Homme,South Dakota,3/26/2022,WOAH Non-Poultry,230
Gentry,Missouri,3/26/2022,WOAH Non-Poultry,140
Meeker,Minnesota,3/26/2022,Commercial Turkey Meat Bird,287500
Franklin,Iowa,3/25/2022,Commercial Table Egg Pullets,250200
Suffolk,New York,3/25/2022,WOAH Poultry,290
Mitchell,Kansas,3/25/2022,WOAH Non-Poultry,20
Hutchinson,South Dakota,3/25/2022,Commercial Turkey Meat Bird,45800
Arapahoe,Colorado,3/24/2023,WOAH Non-Poultry,10
Ellsworth,Kansas,3/24/2023,WOAH Non-Poultry,50
Butler,Nebraska,3/24/2022,Commercial Broiler Production,418500
Buena Vista,Iowa,3/24/2022,Commercial Turkey Meat Bird,53800
Macomb,Michigan,3/24/2022,WOAH Non-Poultry,70
Jerauld,South Dakota,3/24/2022,Commercial Turkey Meat Bird,44000
Lapeer,Michigan,3/23/2023,WOAH Poultry,950
Beadle,South Dakota,3/23/2022,Commercial Turkey Meat Bird,49900
Kingsbury,South Dakota,3/23/2022,Commercial Table Egg Layer,120300
Edmunds,South Dakota,3/23/2022,Commercial Turkey Breeder Hens,30800
Suffolk,New York,3/23/2022,Commercial Upland Gamebird Producer,8500
Tompkins,New York,3/22/2023,WOAH Poultry,6500
Klamath,Oregon,3/22/2023,WOAH Non-Poultry,30
Queens,New York,3/22/2023,Live Bird Market,140
Hale,Texas,3/22/2023,WOAH Non-Poultry,20
Spink,South Dakota,3/22/2023,Commercial Upland Gamebird Producer,570
Hanson,South Dakota,3/22/2022,Commercial Turkey Meat Bird,94600
Cumberland,Maine,3/22/2022,WOAH Poultry,250
Charles Mix,South Dakota,3/22/2022,Commercial Turkey Meat Bird,53800
Beadle,South Dakota,3/22/2022,Commercial Turkey Meat Bird,29400
Butler,Nebraska,3/22/2022,Commercial Broiler Production,570000
Washington,New York,3/21/2023,WOAH Non-Poultry,50
Hillsborough,Florida,3/21/2023,Live Bird Market,340
Deaf Smith,Texas,3/20/2024,WOAH Non-Poultry,50
Warren,Iowa,3/20/2022,WOAH Non-Poultry,10
Hutchinson,South Dakota,3/20/2022,Commercial Turkey Meat Bird,50400
Knox,Maine,3/19/2022,WOAH Non-Poultry,20
York,Maine,3/19/2022,WOAH Non-Poultry,70
Knox,Maine,3/18/2024,WOAH Non-Poultry,40
Cecil,Maryland,3/18/2022,Commercial Table Egg Pullets,315400
Kingsbury,South Dakota,3/18/2022,Commercial Turkey Meat Bird,39200
Hanson,South Dakota,3/18/2022,Commercial Turkey Meat Bird,20200
Dickinson,Kansas,3/18/2022,WOAH Poultry,250
Lancaster,Pennsylvania,3/17/2023,WOAH Poultry,2500
Kent,Delaware,3/17/2022,Commercial Broiler Production,147800
Lincoln,Maine,3/17/2022,WOAH Non-Poultry,30
Sedgwick,Kansas,3/17/2022,WOAH Non-Poultry,6
Buena Vista,Iowa,3/17/2022,Commercial Table Egg Layer,5347500
Monroe,Mississippi,3/16/2023,WOAH Non-Poultry,30
Maries,Missouri,3/16/2023,WOAH Non-Poultry,10
Chester,Pennsylvania,3/16/2023,Commercial Turkey Meat Bird,11800
Lancaster,Pennsylvania,3/16/2023,WOAH Poultry,2400
Lancaster,Pennsylvania,3/16/2023,WOAH Poultry,1600
Rockingham,New Hampshire,3/16/2022,WOAH Non-Poultry,150
Mifflin,Pennsylvania,3/15/2023,WOAH Non-Poultry,60
Chickasaw,Iowa,3/15/2023,WOAH Non-Poultry,50
Ralls,Missouri,3/15/2022,WOAH Non-Poultry,100
Merrick,Nebraska,3/15/2022,WOAH Non-Poultry,90
Klamath,Oregon,3/14/2024,WOAH Non-Poultry,10
Lancaster,Pennsylvania,3/14/2023,WOAH Poultry,3000
Lancaster,Pennsylvania,3/14/2023,WOAH Poultry,2400
Lancaster,Pennsylvania,3/14/2023,WOAH Poultry,3900
Eaton,Michigan,3/14/2023,WOAH Non-Poultry,20
Lancaster,Pennsylvania,3/14/2023,WOAH Poultry,3000
Lancaster,Pennsylvania,3/14/2023,WOAH Poultry,2400
York,Maine,3/14/2022,WOAH Non-Poultry,180
Jefferson,Wisconsin,3/14/2022,Commercial Table Egg Layer,2750700
Lancaster,Pennsylvania,3/13/2023,WOAH Poultry,6000
Hutchinson,South Dakota,3/12/2024,Commercial Turkey Meat Bird,31200
Charles Mix,South Dakota,3/12/2022,Commercial Turkey Meat Bird,37500
Lincoln,Maine,3/12/2022,WOAH Non-Poultry,100
Moore,Texas,3/11/2024,WOAH Non-Poultry,280
Clay,Minnesota,3/11/2024,WOAH Non-Poultry,80
Franklin,Kansas,3/11/2022,WOAH Poultry,260
Mclean,Illinois,3/11/2022,WOAH Non-Poultry,40
Cecil,Maryland,3/10/2022,Commercial Table Egg Layer,663400
Taylor,Iowa,3/10/2022,Commercial Table Egg Layer,915900
Lawrence,Missouri,3/9/2022,Commercial Turkey Breeder Replacement Hens,37800
Queen Anne's,Maryland,3/8/2022,Commercial Broiler Production,139300
Jasper,Missouri,3/8/2022,Commercial Turkey Meat Bird,25000
New Castle,Delaware,3/8/2022,Commercial Table Egg Pullets,243900
Essex,Massachusetts,3/7/2024,WOAH Poultry,70
Rockingham,Virginia,3/7/2023,WOAH Non-Poultry,250
Bingham,Idaho,3/6/2023,WOAH Non-Poultry,10
Lancaster,Pennsylvania,3/6/2023,WOAH Poultry,310
Lancaster,Pennsylvania,3/6/2023,WOAH Poultry,1800
Lancaster,Pennsylvania,3/6/2023,WOAH Poultry,6000
Bucks,Pennsylvania,3/6/2023,WOAH Poultry,1700
Buena Vista,Iowa,3/6/2022,Commercial Turkey Meat Bird,49800
Charles Mix,South Dakota,3/5/2022,Commercial Turkey Meat Bird,44100
Chester,Pennsylvania,3/4/2023,WOAH Poultry,6900
Lancaster,Pennsylvania,3/4/2023,Commercial Turkey Meat Bird,19600
Lancaster,Pennsylvania,3/4/2023,Commercial Duck Breeder,11300
Lancaster,Pennsylvania,3/4/2023,Commercial Turkey Meat Bird,26600
Northumberland,Pennsylvania,3/4/2023,WOAH Poultry,680
Stoddard,Missouri,3/4/2022,Commercial Broiler Production,294800
Bates,Missouri,3/4/2022,WOAH Non-Poultry,50
Cecil,Maryland,3/4/2022,Commercial Table Egg Layer,644000
Douglas,Nevada,3/3/2023,WOAH Non-Poultry,20
Chester,Pennsylvania,3/3/2023,WOAH Poultry,5200
Dubois,Indiana,3/2/2022,Commercial Turkey Meat Bird,16500
New London,Connecticut,3/1/2022,WOAH Non-Poultry,160
Pottawattamie,Iowa,3/1/2022,WOAH Non-Poultry,40
Miami-dade,Florida,2/28/2023,Live Bird Market,510
Mahoning,Ohio,2/27/2024,WOAH Non-Poultry,140
Stevens,Minnesota,2/27/2024,WOAH Non-Poultry,20
Lancaster,Pennsylvania,2/27/2023,WOAH Poultry,4400
Monroe,New York,2/26/2024,WOAH Non-Poultry,20
Wayne,Illinois,2/24/2023,Commercial Turkey Meat Bird,18200
Chester,Pennsylvania,2/24/2023,WOAH Poultry,3400
Lancaster,Pennsylvania,2/24/2023,WOAH Poultry,4000
Ulster,New York,2/24/2022,WOAH Non-Poultry,70
Dubois,Indiana,2/24/2022,Commercial Turkey Meat Bird,36000
Dutchess,New York,2/24/2022,WOAH Non-Poultry,200
Onondaga,New York,2/23/2024,WOAH Non-Poultry,10
Allen,Indiana,2/23/2024,WOAH Non-Poultry,50
Dallas,Missouri,2/23/2024,WOAH Poultry,20300
Moffat,Colorado,2/23/2023,WOAH Non-Poultry,40
Lancaster,Pennsylvania,2/23/2023,WOAH Poultry,2000
Alexandria City,Virginia,2/23/2023,Live Bird Market,800
Kalamazoo,Michigan,2/23/2022,WOAH Non-Poultry,30
Knox,Maine,2/23/2022,WOAH Non-Poultry,100
Greene,Indiana,2/23/2022,Commercial Turkey Meat Bird,15400
Greene,Indiana,2/23/2022,Commercial Turkey Meat Bird,48200
Charles,Maryland,2/22/2024,WOAH Non-Poultry,30
Lancaster,Pennsylvania,2/22/2023,WOAH Poultry,4200
New Castle,Delaware,2/22/2022,Commercial Table Egg Layer,1046900
Dallas,Missouri,2/21/2024,Commercial Turkey Meat Bird,31000
Dallas,Missouri,2/21/2024,Commercial Turkey Meat Bird,12300
Franklin,Ohio,2/21/2024,WOAH Non-Poultry,10
Dallas,Missouri,2/21/2024,Commercial Turkey Meat Bird,28500
Lincoln,Nebraska,2/21/2023,WOAH Poultry,420
Lancaster,Pennsylvania,2/21/2023,Commercial Broiler Production,97700
Duplin,North Carolina,2/20/2024,Commercial Turkey Meat Bird,20900
Knox,Maine,2/19/2022,WOAH Non-Poultry,30
Suffolk,New York,2/18/2022,WOAH Non-Poultry,8
San Joaquin,California,2/17/2023,WOAH Non-Poultry,160
Copiah,Mississippi,2/17/2023,WOAH Poultry,50
Tioga,Pennsylvania,2/17/2023,WOAH Non-Poultry,50
Kanawha,West Virginia,2/16/2024,WOAH Non-Poultry,250
Dubois,Indiana,2/16/2022,Commercial Turkey Meat Bird,26600
Columbia,New York,2/15/2023,WOAH Poultry,250
Webster,Kentucky,2/15/2022,Commercial Turkey Meat Bird,53300
Hillsborough,Florida,2/14/2023,WOAH Non-Poultry,10
Benton,Washington,2/14/2023,WOAH Non-Poultry,60
Doniphan,Kansas,2/13/2023,WOAH Non-Poultry,30
Carroll,Missouri,2/13/2023,WOAH Non-Poultry,9
Twin Falls,Idaho,2/12/2024,WOAH Non-Poultry,20
Schuylkill,Pennsylvania,2/12/2024,WOAH Non-Poultry,30
Fulton,Kentucky,2/12/2022,Commercial Broiler Production,231400
Fauquier,Virginia,2/12/2022,WOAH Non-Poultry,90
Lenoir,North Carolina,2/9/2024,Commercial Turkey Meat Bird,32400
Miami-dade,Florida,2/8/2024,Live Bird Market,1500
Delta,Colorado,2/8/2024,Commercial Broiler Breeder,66500
Owyhee,Idaho,2/8/2024,WOAH Non-Poultry,9
Lancaster,Pennsylvania,2/8/2023,WOAH Poultry,20300
Mitchell,Kansas,2/8/2023,Commercial Upland Gamebird Producer,17000
Dubois,Indiana,2/8/2022,Commercial Turkey Meat Bird,29000
Calcasieu,Louisiana,2/7/2025,WOAH Non-Poultry,10
Lebanon,Pennsylvania,2/7/2025,Commercial Broiler Production,53500
Mercer,Ohio,2/7/2025,Commercial Turkey Meat Bird,4100
Mercer,Ohio,2/7/2025,Commercial Table Egg Layer,96300
Lancaster,Pennsylvania,2/7/2025,WOAH Poultry,610
Mercer,Ohio,2/7/2025,Commercial Table Egg Layer,388900
Leake,Mississippi,2/7/2023,Commercial Broiler Production,89800
Allegheny,Pennsylvania,2/7/2023,WOAH Non-Poultry,20
Mercer,Ohio,2/6/2025,Commercial Turkey Meat Bird,19900
Mercer,Ohio,2/6/2025,Commercial Turkey Meat Bird,10100
Queens,New York,2/6/2025,Live Bird Market,200
Darke,Ohio,2/6/2025,Commercial Table Egg Layer,522200
Newton,Missouri,2/6/2025,Commercial Broiler Production,44400
Mercer,Ohio,2/6/2025,Commercial Table Egg Layer,232600
Bronx,New York,2/6/2025,Live Bird Market,0
Lancaster,Pennsylvania,2/6/2025,WOAH Poultry,14900
Lebanon,Pennsylvania,2/6/2025,Commercial Table Egg Layer,86000
Lawrence,Missouri,2/6/2025,Commercial Turkey Meat Bird,9500
New London,Connecticut,2/6/2025,WOAH Non-Poultry,20
Lancaster,Pennsylvania,2/6/2025,Commercial Duck Meat Bird,40000
Essex,Massachusetts,2/6/2024,WOAH Non-Poultry,20
Gage,Nebraska,2/6/2024,Commercial Broiler Production,102000
Wayne,Pennsylvania,2/6/2024,WOAH Non-Poultry,360
Park,Wyoming,2/6/2023,WOAH Non-Poultry,10
Merced,California,2/6/2023,Commercial Duck Breeder,29100
San Joaquin,California,2/6/2023,WOAH Non-Poultry,8
Hancock,Maine,2/6/2023,WOAH Non-Poultry,30
Placer,California,2/6/2023,WOAH Non-Poultry,30
Kennebec,Maine,2/6/2023,WOAH Non-Poultry,40
Cumberland,Pennsylvania,2/5/2025,Commercial Broiler Production,26400
Mercer,Ohio,2/5/2025,Commercial Turkey Meat Bird,8900
Mercer,Ohio,2/5/2025,Commercial Table Egg Layer,174600
Pinal,Arizona,2/5/2025,WOAH Non-Poultry,0
Kings,New York,2/5/2025,Live Bird Market,0
Stanislaus,California,2/5/2025,Commercial Turkey Meat Bird,30200
Queens,New York,2/5/2025,Live Bird Market,520
Larimer,Colorado,2/5/2025,WOAH Non-Poultry,10
Auglaize,Ohio,2/5/2025,Commercial Turkey Meat Bird,11000
Mercer,Ohio,2/4/2025,Commercial Table Egg Layer,96700
Dauphin,Pennsylvania,2/4/2025,Commercial Table Egg Layer,1975300
Jasper,Missouri,2/4/2025,Commercial Turkey Meat Bird,49500
Adams,Pennsylvania,2/4/2025,WOAH Non-Poultry,30
Queens,New York,2/4/2025,Live Bird Market,1100
Bronx,New York,2/4/2025,Live Bird Market,100
Mercer,Ohio,2/4/2025,Commercial Turkey Meat Bird,11600
Worcester,Maryland,2/4/2025,Commercial Broiler Production,201600
Lawrence,Missouri,2/4/2025,Commercial Turkey Breeder Replacement Hens,14300
Darke,Ohio,2/4/2025,Commercial Turkey Meat Bird,5400
Mercer,Ohio,2/4/2025,Commercial Turkey Meat Bird,3500
Harvey,Kansas,2/4/2025,WOAH Non-Poultry,50
Alpena,Michigan,2/4/2025,WOAH Non-Poultry,8
Mercer,Ohio,2/4/2025,Commercial Table Egg Pullets,88300
Mercer,Ohio,2/4/2025,Commercial Turkey Meat Bird,12200
Newton,Missouri,2/4/2025,Commercial Turkey Meat Bird,13600
San Joaquin,California,2/3/2025,Commercial Turkey Meat Bird,22200
Klamath,Oregon,2/3/2025,WOAH Non-Poultry,8
Lancaster,Pennsylvania,2/1/2023,Commercial Duck Meat Bird,32800
Lancaster,Pennsylvania,2/1/2023,WOAH Poultry,2700
Montgomery,Maryland,1/31/2025,WOAH Non-Poultry,10
Barry,Missouri,1/31/2025,Commercial Turkey Meat Bird,34000
Mercer,Ohio,1/31/2025,Commercial Table Egg Layer,748800
Darke,Ohio,1/31/2025,Commercial Turkey Meat Bird,11700
Virginia Beach City,Virginia,1/31/2025,WOAH Non-Poultry,210
Mcdonald,Missouri,1/31/2025,Commercial Broiler Production,131400
Mercer,Ohio,1/31/2025,Commercial Turkey Meat Bird,22000
Placer,California,1/31/2024,WOAH Non-Poultry,20
Nance,Nebraska,1/30/2025,WOAH Non-Poultry,70
Mercer,Ohio,1/30/2025,Commercial Turkey Meat Bird,21700
Monroe,Pennsylvania,1/30/2025,WOAH Non-Poultry,30
Van Wert,Ohio,1/30/2025,Commercial Turkey Meat Bird,21400
Mercer,Ohio,1/30/2025,Commercial Turkey Meat Bird,4600
Mercer,Ohio,1/30/2025,Commercial Turkey Meat Bird,8700
Mercer,Ohio,1/30/2025,Commercial Turkey Meat Bird,11200
Jerome,Idaho,1/30/2025,WOAH Non-Poultry,10
Mercer,Ohio,1/30/2025,Commercial Table Egg Layer,437100
Mcdonald,Missouri,1/30/2025,Commercial Turkey Meat Bird,11700
Darke,Ohio,1/30/2025,Commercial Table Egg Layer,150700
Broward,Florida,1/30/2025,WOAH Non-Poultry,70
Mercer,Ohio,1/29/2025,Commercial Turkey Meat Bird,9000
San Mateo,California,1/29/2025,WOAH Non-Poultry,4
Newton,Missouri,1/29/2025,Commercial Turkey Meat Bird,19000
Mercer,Ohio,1/29/2025,Commercial Turkey Meat Bird,20100
Madera,California,1/29/2025,Commercial Duck Meat Bird,18600
Darke,Ohio,1/29/2025,Commercial Table Egg Layer,1356300
Merced,California,1/29/2025,Commercial Duck Meat Bird,87800
Darke,Ohio,1/29/2025,Commercial Turkey Meat Bird,9700
Newton,Missouri,1/28/2025,Commercial Turkey Meat Bird,14300
Kent,Delaware,1/28/2025,Commercial Broiler Production,145800
Lehigh,Pennsylvania,1/28/2025,WOAH Poultry,47900
Shelby,Indiana,1/28/2025,WOAH Non-Poultry,60
Mcdonald,Missouri,1/28/2025,Commercial Broiler Breeder,18300
Jackson,Indiana,1/28/2025,Commercial Table Egg Layer,2633900
Sampson,North Carolina,1/28/2025,Commercial Turkey Breeder Hens,24100
Mercer,Ohio,1/27/2025,Commercial Turkey Meat Bird,9300
Adams,Indiana,1/27/2025,Commercial Turkey Meat Bird,19900
Sampson,North Carolina,1/27/2025,Commercial Turkey Breeder Replacement Hens,1900
Pinal,Arizona,1/27/2025,Commercial Table Egg Layer,316600
Mercer,Ohio,1/27/2025,Commercial Duck Meat Bird,12600
Mercer,Ohio,1/27/2025,Commercial Turkey Meat Bird,12600
Mercer,Ohio,1/27/2025,Commercial Turkey Meat Bird,5100
Ulster,New York,1/27/2025,WOAH Non-Poultry,60
Kearney,Nebraska,1/27/2025,WOAH Non-Poultry,90
Hancock,Maine,1/27/2023,WOAH Non-Poultry,40
De Soto,Florida,1/26/2024,WOAH Non-Poultry,660
Daviess,Indiana,1/25/2024,Commercial Turkey Meat Bird,13100
Kennebec,Maine,1/25/2024,WOAH Non-Poultry,40
Rowan,North Carolina,1/25/2023,WOAH Non-Poultry,2
Buena Vista,Iowa,1/25/2023,Commercial Turkey Meat Bird,27700
Rockingham,Virginia,1/25/2023,Commercial Turkey Meat Bird,11100
Polk,Oregon,1/25/2023,WOAH Non-Poultry,20
Suffolk,New York,1/25/2023,WOAH Non-Poultry,10
Darke,Ohio,1/24/2025,Commercial Table Egg Layer,1818000
Mercer,Ohio,1/24/2025,Commercial Turkey Meat Bird,18500
Mcdonald,Missouri,1/24/2025,Primary Broiler Breeder Pedigree Farm,650
Mercer,Ohio,1/24/2025,Commercial Turkey Meat Bird,19600
Newton,Missouri,1/24/2025,Commercial Table Egg Layer,1149400
Mercer,Ohio,1/24/2025,Commercial Turkey Meat Bird,5100
Allen,Indiana,1/24/2025,WOAH Poultry,26100
Franklin,Washington,1/24/2025,Commercial Table Egg Layer,307800
Darke,Ohio,1/24/2025,Commercial Turkey Meat Bird,22300
Plymouth,Massachusetts,1/24/2025,WOAH Non-Poultry,30
Orange,Florida,1/24/2025,WOAH Non-Poultry,1
Washington,Rhode Island,1/24/2025,WOAH Non-Poultry,50
Cleveland,Arkansas,1/24/2025,Commercial Broiler Breeder,19500
Wadena,Minnesota,1/24/2025,Commercial Turkey Meat Bird,275600
Windsor,Vermont,1/24/2025,WOAH Non-Poultry,20
Mercer,Ohio,1/24/2025,Commercial Turkey Meat Bird,9500
New Haven,Connecticut,1/24/2025,WOAH Non-Poultry,30
Mercer,Ohio,1/23/2025,Commercial Table Egg Layer,1468900
Mercer,Ohio,1/23/2025,Commercial Turkey Meat Bird,11200
Putnam,New York,1/23/2025,WOAH Non-Poultry,60
Yolo,California,1/23/2025,WOAH Non-Poultry,6
Darke,Ohio,1/23/2025,Commercial Table Egg Pullets,349200
Mercer,Ohio,1/23/2025,Commercial Table Egg Layer,85000
Edmunds,South Dakota,1/23/2024,Commercial Upland Gamebird Producer,22200
Belknap,New Hampshire,1/23/2023,WOAH Non-Poultry,40
Newton,Missouri,1/22/2025,Commercial Turkey Meat Bird,21300
Cleveland,Arkansas,1/22/2025,Commercial Broiler Production,106900
Jasper,Missouri,1/22/2025,Commercial Turkey Meat Bird,49400
Cook,Illinois,1/22/2025,WOAH Poultry,500
Lawrence,Missouri,1/22/2025,Commercial Turkey Meat Bird,52400
Dorchester,Maryland,1/22/2025,Commercial Broiler Production,143900
Newton,Missouri,1/22/2025,Commercial Turkey Meat Bird,23000
Orangeburg,South Carolina,1/22/2024,WOAH Non-Poultry,40
Mitchell,Kansas,1/22/2024,Commercial Upland Gamebird Producer,5800
Elbert,Georgia,1/21/2025,Commercial Broiler Production,130400
Newton,Missouri,1/21/2025,Commercial Table Egg Layer,1175800
Umatilla,Oregon,1/21/2025,WOAH Non-Poultry,50
Accomack,Virginia,1/21/2025,Commercial Broiler Production,441000
Caroline,Maryland,1/21/2025,Commercial Broiler Production,108400
Weakley,Tennessee,1/20/2023,Commercial Broiler Production,267800
Larimer,Colorado,1/20/2023,WOAH Non-Poultry,70
Rockingham,Virginia,1/19/2023,Commercial Turkey Meat Bird,25300
El Dorado,California,1/19/2023,WOAH Non-Poultry,20
Snohomish,Washington,1/19/2023,WOAH Non-Poultry,20
Merced,California,1/18/2024,Commercial Table Egg Pullets,285600
Licking,Ohio,1/18/2023,WOAH Non-Poultry,30
Lampasas,Texas,1/18/2023,WOAH Poultry,70
Darke,Ohio,1/17/2025,Commercial Table Egg Pullets,200000
Jay,Indiana,1/17/2025,Commercial Turkey Meat Bird,18800
Elbert,Georgia,1/17/2025,Commercial Broiler Breeder,45500
Suffolk,New York,1/17/2025,Commercial Duck Meat Bird,101000
Darke,Ohio,1/17/2025,Commercial Table Egg Layer,103200
Horry,South Carolina,1/17/2024,WOAH Non-Poultry,190
Mitchell,Kansas,1/17/2023,Commercial Upland Gamebird Producer,6900
Dakota,Minnesota,1/16/2025,Commercial Turkey Meat Bird,79900
Mercer,Ohio,1/16/2025,Commercial Table Egg Layer,1432000
Jay,Indiana,1/16/2025,Commercial Table Egg Layer,353300
Wayne,Michigan,1/16/2025,WOAH Non-Poultry,120
Riverside,California,1/16/2025,Commercial Table Egg Pullets,208200
Queen Anne's,Maryland,1/16/2025,Commercial Broiler Production,146900
Greene,Tennessee,1/16/2025,WOAH Non-Poultry,30
Spink,South Dakota,1/16/2024,Commercial Raised for Release Upland Game Bird,1900
Cascade,Montana,1/16/2024,WOAH Non-Poultry,50
Mitchell,Kansas,1/16/2024,WOAH Poultry,220
Barnstable,Massachusetts,1/16/2024,WOAH Non-Poultry,150
Darke,Ohio,1/15/2025,Commercial Turkey Meat Bird,15800
Mercer,Ohio,1/15/2025,Commercial Turkey Meat Bird,10400
Darke,Ohio,1/15/2025,Commercial Turkey Meat Bird,5300
Owyhee,Idaho,1/15/2025,WOAH Non-Poultry,30
New London,Connecticut,1/15/2025,WOAH Non-Poultry,20
Darke,Ohio,1/15/2025,Commercial Turkey Meat Bird,5300
Orange,Florida,1/14/2025,Live Bird Market,1300
Newton,Missouri,1/14/2025,Commercial Table Egg Layer,1585100
Darke,Ohio,1/14/2025,Commercial Turkey Meat Bird,9900
Mercer,Ohio,1/14/2025,Commercial Turkey Meat Bird,4500
Hillsborough,Florida,1/14/2025,Live Bird Market,280
Caroline,Maryland,1/14/2025,Commercial Broiler Production,228300
Culebra,Puerto Rico,1/13/2025,WOAH Poultry,380
Phillips,Kansas,1/13/2025,WOAH Non-Poultry,60
Tehama,California,1/12/2023,WOAH Poultry,23700
Mitchell,Kansas,1/11/2024,Commercial Raised for Release Upland Game Bird,1400
Douglas,Oregon,1/11/2023,WOAH Non-Poultry,0
Gregory,South Dakota,1/10/2025,WOAH Non-Poultry,90
Mitchell,Kansas,1/10/2024,Commercial Upland Gamebird Producer,3700
York,Maine,1/10/2024,WOAH Non-Poultry,60
Sherburne,Minnesota,1/10/2024,WOAH Non-Poultry,10
Mitchell,Kansas,1/10/2024,Commercial Upland Gamebird Producer,32000
Cascade,Montana,1/10/2023,WOAH Non-Poultry,10
Darke,Ohio,1/9/2025,Commercial Turkey Meat Bird,21100
Oakland,Michigan,1/9/2025,WOAH Non-Poultry,100
Clayton,Georgia,1/9/2025,WOAH Non-Poultry,10
Canyon,Idaho,1/9/2025,WOAH Non-Poultry,50
Burnet,Texas,1/9/2025,WOAH Non-Poultry,10
Kent,Delaware,1/9/2025,Commercial Broiler Production,194800
Brazoria,Texas,1/9/2025,WOAH Non-Poultry,90
Union,Oregon,1/9/2025,WOAH Poultry,380
Sonoma,California,1/9/2023,WOAH Non-Poultry,20
Sonoma,California,1/9/2023,WOAH Non-Poultry,6
Scotts Bluff,Nebraska,1/9/2023,WOAH Non-Poultry,7
San Joaquin,California,1/9/2023,WOAH Non-Poultry,10
Darke,Ohio,1/8/2025,Commercial Table Egg Layer,245300
Perry,Missouri,1/8/2025,WOAH Non-Poultry,20
Arapahoe,Colorado,1/8/2024,WOAH Non-Poultry,20
Merced,California,1/8/2024,WOAH Non-Poultry,30
Sacramento,California,1/8/2024,WOAH Non-Poultry,30
Jay,Indiana,1/7/2025,Commercial Turkey Meat Bird,20300
Hanson,South Dakota,1/7/2025,WOAH Non-Poultry,50
Hyde,North Carolina,1/7/2025,Commercial Table Egg Layer,3314900
Palm Beach,Florida,1/7/2025,WOAH Non-Poultry,4
Clinton,Iowa,1/7/2025,WOAH Non-Poultry,40
Olmsted,Minnesota,1/6/2025,WOAH Non-Poultry,120
Thurston,Washington,1/6/2023,WOAH Non-Poultry,120
Weld,Colorado,1/6/2023,WOAH Non-Poultry,40
Washburn,Wisconsin,1/5/2024,Commercial Turkey Meat Bird,41000
Codington,South Dakota,1/5/2023,WOAH Poultry,140
Ottawa,Michigan,1/4/2025,Commercial Turkey Meat Bird,55200
Ottawa,Michigan,1/4/2025,Commercial Turkey Meat Bird,47000
Kent,Delaware,1/4/2025,Commercial Broiler Production,125000
Rice,Kansas,1/4/2024,Commercial Table Egg Pullets,240000
Anderson,Kansas,1/4/2023,Commercial Upland Gamebird Producer,8900
Johnson,Missouri,1/4/2023,WOAH Non-Poultry,30
Josephine,Oregon,1/4/2023,WOAH Non-Poultry,30
Stanislaus,California,1/3/2025,Commercial Broiler Production,236100
Sharp,Arkansas,1/3/2025,WOAH Non-Poultry,20
Canyon,Idaho,1/3/2025,WOAH Non-Poultry,20
Pocahontas,West Virginia,1/3/2025,WOAH Poultry,9
Canyon,Idaho,1/3/2025,WOAH Non-Poultry,20
Canyon,Idaho,1/3/2025,WOAH Non-Poultry,70
Canyon,Idaho,1/3/2025,WOAH Non-Poultry,20
Butte,California,1/3/2025,Commercial Raised for Release Upland Game Bird,44700
Merced,California,1/3/2024,Commercial Table Egg Layer,764300
Sonoma,California,1/3/2024,Commercial Broiler Production,77900
Merced,California,1/3/2024,Commercial Broiler Production,534800
Stanislaus,California,1/2/2025,Commercial Table Egg Layer,75200
